activity_comment,activity_id,activity_properties,assay_chembl_id,assay_description,assay_type,assay_variant_accession,assay_variant_mutation,bao_endpoint,bao_format,bao_label,canonical_smiles,data_validity_comment,data_validity_description,document_chembl_id,document_journal,document_year,ligand_efficiency,molecule_chembl_id,molecule_pref_name,parent_molecule_chembl_id,pchembl_value,potential_duplicate,qudt_units,record_id,relation,src_id,standard_flag,standard_relation,standard_text_value,standard_type,standard_units,standard_upper_value,standard_value,target_chembl_id,target_organism,target_pref_name,target_tax_id,text_value,toid,type,units,uo_units,upper_value,value
,10943671,[],CHEMBL2050116,Inhibition of human TMEM16A transfected in FRT cells assessed as iodide influx using YFP-F46L/H148Q/I152L halide sensor after 10 mins by spectrofluorometric analysis,B,,,BAO_0000190,BAO_0000219,cell-based format,COc1ccc(-c2oc3ccc(OCc4cccc(F)c4)cc3c2C(=O)O)cc1,,,CHEMBL2046432,Bioorg. Med. Chem.,2012,"{'bei': '11.58', 'le': '0.21', 'lle': '-0.98', 'sei': '6.59'}",CHEMBL2046972,,CHEMBL2046972,4.54,False,http://www.openphacts.org/units/Nanomolar,1651934,=,1,True,=,,IC50,nM,,28700.0,CHEMBL2046267,Homo sapiens,Anoctamin-1,9606,,,IC50,uM,UO_0000065,,28.7
,10943672,[],CHEMBL2050116,Inhibition of human TMEM16A transfected in FRT cells assessed as iodide influx using YFP-F46L/H148Q/I152L halide sensor after 10 mins by spectrofluorometric analysis,B,,,BAO_0000190,BAO_0000219,cell-based format,COc1ccc(-c2oc3ccc(OCc4cccc(I)c4)cc3c2C(=O)O)cc1,,,CHEMBL2046432,Bioorg. Med. Chem.,2012,"{'bei': '10.45', 'le': '0.25', 'lle': '-0.76', 'sei': '7.59'}",CHEMBL2046973,,CHEMBL2046973,5.23,False,http://www.openphacts.org/units/Nanomolar,1651935,=,1,True,=,,IC50,nM,,5900.0,CHEMBL2046267,Homo sapiens,Anoctamin-1,9606,,,IC50,uM,UO_0000065,,5.9
,10943673,[],CHEMBL2050116,Inhibition of human TMEM16A transfected in FRT cells assessed as iodide influx using YFP-F46L/H148Q/I152L halide sensor after 10 mins by spectrofluorometric analysis,B,,,BAO_0000190,BAO_0000219,cell-based format,COc1ccc(-c2oc3ccc(OCc4ccc(Br)cc4)cc3c2C(=O)O)cc1,,,CHEMBL2046432,Bioorg. Med. Chem.,2012,"{'bei': '10.56', 'le': '0.23', 'lle': '-1.36', 'sei': '6.95'}",CHEMBL2046974,,CHEMBL2046974,4.79,False,http://www.openphacts.org/units/Nanomolar,1651936,=,1,True,=,,IC50,nM,,16300.0,CHEMBL2046267,Homo sapiens,Anoctamin-1,9606,,,IC50,uM,UO_0000065,,16.3
,10943674,[],CHEMBL2050116,Inhibition of human TMEM16A transfected in FRT cells assessed as iodide influx using YFP-F46L/H148Q/I152L halide sensor after 10 mins by spectrofluorometric analysis,B,,,BAO_0000190,BAO_0000219,cell-based format,COc1ccc(-c2oc3ccc(OCc4cccc(Cl)c4)cc3c2C(=O)O)cc1,,,CHEMBL2046432,Bioorg. Med. Chem.,2012,"{'bei': '11.09', 'le': '0.21', 'lle': '-1.51', 'sei': '6.58'}",CHEMBL2047075,,CHEMBL2047075,4.54,False,http://www.openphacts.org/units/Nanomolar,1652074,=,1,True,=,,IC50,nM,,29200.0,CHEMBL2046267,Homo sapiens,Anoctamin-1,9606,,,IC50,uM,UO_0000065,,29.2
,10943675,[],CHEMBL2050116,Inhibition of human TMEM16A transfected in FRT cells assessed as iodide influx using YFP-F46L/H148Q/I152L halide sensor after 10 mins by spectrofluorometric analysis,B,,,BAO_0000190,BAO_0000219,cell-based format,COc1ccc(-c2oc3ccc(OCc4c(F)cccc4F)cc3c2C(=O)O)cc1,,,CHEMBL2046432,Bioorg. Med. Chem.,2012,"{'bei': '11.13', 'le': '0.21', 'lle': '-1.09', 'sei': '6.63'}",CHEMBL2047076,,CHEMBL2047076,4.57,False,http://www.openphacts.org/units/Nanomolar,1652075,=,1,True,=,,IC50,nM,,27000.0,CHEMBL2046267,Homo sapiens,Anoctamin-1,9606,,,IC50,uM,UO_0000065,,27.0
Not Active,10943676,[],CHEMBL2050116,Inhibition of human TMEM16A transfected in FRT cells assessed as iodide influx using YFP-F46L/H148Q/I152L halide sensor after 10 mins by spectrofluorometric analysis,B,,,BAO_0000190,BAO_0000219,cell-based format,COc1ccc(-c2oc3ccc(OCc4cccc(C(F)(F)F)c4)cc3c2C(=O)O)cc1,,,CHEMBL2046432,Bioorg. Med. Chem.,2012,,CHEMBL2047077,,CHEMBL2047077,,False,,1652076,,1,False,,,IC50,,,,CHEMBL2046267,Homo sapiens,Anoctamin-1,9606,,,IC50,,,,
,10943677,[],CHEMBL2050116,Inhibition of human TMEM16A transfected in FRT cells assessed as iodide influx using YFP-F46L/H148Q/I152L halide sensor after 10 mins by spectrofluorometric analysis,B,,,BAO_0000190,BAO_0000219,cell-based format,COc1ccc(-c2oc3ccc(OCc4ccc(F)c(F)c4)cc3c2C(=O)O)cc1,,,CHEMBL2046432,Bioorg. Med. Chem.,2012,"{'bei': '11.28', 'le': '0.21', 'lle': '-1.03', 'sei': '6.72'}",CHEMBL2047078,,CHEMBL2047078,4.63,False,http://www.openphacts.org/units/Nanomolar,1652077,=,1,True,=,,IC50,nM,,23500.0,CHEMBL2046267,Homo sapiens,Anoctamin-1,9606,,,IC50,uM,UO_0000065,,23.5
,10943678,[],CHEMBL2050116,Inhibition of human TMEM16A transfected in FRT cells assessed as iodide influx using YFP-F46L/H148Q/I152L halide sensor after 10 mins by spectrofluorometric analysis,B,,,BAO_0000190,BAO_0000219,cell-based format,COc1ccc(-c2oc3ccc(OCc4ccc(F)cc4)cc3c2C(=O)O)cc1,,,CHEMBL2046432,Bioorg. Med. Chem.,2012,"{'bei': '11.91', 'le': '0.22', 'lle': '-0.85', 'sei': '6.78'}",CHEMBL2047079,,CHEMBL2047079,4.67,False,http://www.openphacts.org/units/Nanomolar,1652078,=,1,True,=,,IC50,nM,,21200.0,CHEMBL2046267,Homo sapiens,Anoctamin-1,9606,,,IC50,uM,UO_0000065,,21.2
,10943679,[],CHEMBL2050116,Inhibition of human TMEM16A transfected in FRT cells assessed as iodide influx using YFP-F46L/H148Q/I152L halide sensor after 10 mins by spectrofluorometric analysis,B,,,BAO_0000190,BAO_0000219,cell-based format,COc1ccc(-c2oc3ccc(OCc4ccccc4Br)cc3c2C(=O)O)cc1,,,CHEMBL2046432,Bioorg. Med. Chem.,2012,"{'bei': '10.92', 'le': '0.23', 'lle': '-1.20', 'sei': '7.19'}",CHEMBL2047080,,CHEMBL2047080,4.95,False,http://www.openphacts.org/units/Nanomolar,1652079,=,1,True,=,,IC50,nM,,11200.0,CHEMBL2046267,Homo sapiens,Anoctamin-1,9606,,,IC50,uM,UO_0000065,,11.2
,10943680,[],CHEMBL2050116,Inhibition of human TMEM16A transfected in FRT cells assessed as iodide influx using YFP-F46L/H148Q/I152L halide sensor after 10 mins by spectrofluorometric analysis,B,,,BAO_0000190,BAO_0000219,cell-based format,COc1ccc(-c2oc3ccc(OCc4cccc(-c5ccccc5)c4)cc3c2C(=O)O)cc1,,,CHEMBL2046432,Bioorg. Med. Chem.,2012,"{'bei': '10.18', 'le': '0.18', 'lle': '-2.46', 'sei': '6.66'}",CHEMBL2047081,,CHEMBL2047081,4.59,False,http://www.openphacts.org/units/Nanomolar,1652080,=,1,True,=,,IC50,nM,,25900.0,CHEMBL2046267,Homo sapiens,Anoctamin-1,9606,,,IC50,uM,UO_0000065,,25.9
,10943681,[],CHEMBL2050116,Inhibition of human TMEM16A transfected in FRT cells assessed as iodide influx using YFP-F46L/H148Q/I152L halide sensor after 10 mins by spectrofluorometric analysis,B,,,BAO_0000190,BAO_0000219,cell-based format,Cc1ccc(-c2oc3ccc(OCc4cccc(F)c4)cc3c2C(=O)O)cc1,,,CHEMBL2046432,Bioorg. Med. Chem.,2012,"{'bei': '12.77', 'le': '0.23', 'lle': '-1.01', 'sei': '8.06'}",CHEMBL2046450,,CHEMBL2046450,4.81,False,http://www.openphacts.org/units/Nanomolar,1652081,=,1,True,=,,IC50,nM,,15600.0,CHEMBL2046267,Homo sapiens,Anoctamin-1,9606,,,IC50,uM,UO_0000065,,15.6
,10943682,[],CHEMBL2050116,Inhibition of human TMEM16A transfected in FRT cells assessed as iodide influx using YFP-F46L/H148Q/I152L halide sensor after 10 mins by spectrofluorometric analysis,B,,,BAO_0000190,BAO_0000219,cell-based format,Cc1ccc(-c2oc3ccc(OCc4cccc(I)c4)cc3c2C(=O)O)cc1,,,CHEMBL2046432,Bioorg. Med. Chem.,2012,"{'bei': '10.26', 'le': '0.24', 'lle': '-1.32', 'sei': '8.32'}",CHEMBL2047082,,CHEMBL2047082,4.97,False,http://www.openphacts.org/units/Nanomolar,1652082,=,1,True,=,,IC50,nM,,10800.0,CHEMBL2046267,Homo sapiens,Anoctamin-1,9606,,,IC50,uM,UO_0000065,,10.8
,10943683,[],CHEMBL2050116,Inhibition of human TMEM16A transfected in FRT cells assessed as iodide influx using YFP-F46L/H148Q/I152L halide sensor after 10 mins by spectrofluorometric analysis,B,,,BAO_0000190,BAO_0000219,cell-based format,Cc1ccc(-c2oc3ccc(OCc4ccc(Br)cc4)cc3c2C(=O)O)cc1,,,CHEMBL2046432,Bioorg. Med. Chem.,2012,"{'bei': '12.54', 'le': '0.27', 'lle': '-0.97', 'sei': '9.19'}",CHEMBL2047083,,CHEMBL2047083,5.48,False,http://www.openphacts.org/units/Nanomolar,1652083,=,1,True,=,,IC50,nM,,3300.0,CHEMBL2046267,Homo sapiens,Anoctamin-1,9606,,,IC50,uM,UO_0000065,,3.3
,10943684,[],CHEMBL2050116,Inhibition of human TMEM16A transfected in FRT cells assessed as iodide influx using YFP-F46L/H148Q/I152L halide sensor after 10 mins by spectrofluorometric analysis,B,,,BAO_0000190,BAO_0000219,cell-based format,Cc1ccc(-c2oc3ccc(OCc4cccc(Cl)c4)cc3c2C(=O)O)cc1,,,CHEMBL2046432,Bioorg. Med. Chem.,2012,"{'bei': '12.41', 'le': '0.24', 'lle': '-1.46', 'sei': '8.17'}",CHEMBL2047084,,CHEMBL2047084,4.88,False,http://www.openphacts.org/units/Nanomolar,1652084,=,1,True,=,,IC50,nM,,13300.0,CHEMBL2046267,Homo sapiens,Anoctamin-1,9606,,,IC50,uM,UO_0000065,,13.3
,10943685,[],CHEMBL2050116,Inhibition of human TMEM16A transfected in FRT cells assessed as iodide influx using YFP-F46L/H148Q/I152L halide sensor after 10 mins by spectrofluorometric analysis,B,,,BAO_0000190,BAO_0000219,cell-based format,Cc1ccc(-c2oc3ccc(OCc4c(F)cccc4F)cc3c2C(=O)O)cc1,,,CHEMBL2046432,Bioorg. Med. Chem.,2012,"{'bei': '11.76', 'le': '0.22', 'lle': '-1.32', 'sei': '7.77'}",CHEMBL2047085,,CHEMBL2047085,4.64,False,http://www.openphacts.org/units/Nanomolar,1652085,=,1,True,=,,IC50,nM,,23000.0,CHEMBL2046267,Homo sapiens,Anoctamin-1,9606,,,IC50,uM,UO_0000065,,23.0
,10943686,[],CHEMBL2050116,Inhibition of human TMEM16A transfected in FRT cells assessed as iodide influx using YFP-F46L/H148Q/I152L halide sensor after 10 mins by spectrofluorometric analysis,B,,,BAO_0000190,BAO_0000219,cell-based format,Cc1ccc(-c2oc3ccc(OCc4cccc(C(F)(F)F)c4)cc3c2C(=O)O)cc1,,,CHEMBL2046432,Bioorg. Med. Chem.,2012,"{'bei': '11.45', 'le': '0.22', 'lle': '-1.82', 'sei': '8.18'}",CHEMBL2047086,,CHEMBL2047086,4.88,False,http://www.openphacts.org/units/Nanomolar,1652086,=,1,True,=,,IC50,nM,,13100.0,CHEMBL2046267,Homo sapiens,Anoctamin-1,9606,,,IC50,uM,UO_0000065,,13.1
,10943687,[],CHEMBL2050116,Inhibition of human TMEM16A transfected in FRT cells assessed as iodide influx using YFP-F46L/H148Q/I152L halide sensor after 10 mins by spectrofluorometric analysis,B,,,BAO_0000190,BAO_0000219,cell-based format,Cc1ccc(-c2oc3ccc(OCc4ccc(F)c(F)c4)cc3c2C(=O)O)cc1,,,CHEMBL2046432,Bioorg. Med. Chem.,2012,"{'bei': '12.79', 'le': '0.24', 'lle': '-0.91', 'sei': '8.46'}",CHEMBL2047087,,CHEMBL2047087,5.05,False,http://www.openphacts.org/units/Nanomolar,1652087,=,1,True,=,,IC50,nM,,9000.0,CHEMBL2046267,Homo sapiens,Anoctamin-1,9606,,,IC50,uM,UO_0000065,,9.0
,10943688,[],CHEMBL2050116,Inhibition of human TMEM16A transfected in FRT cells assessed as iodide influx using YFP-F46L/H148Q/I152L halide sensor after 10 mins by spectrofluorometric analysis,B,,,BAO_0000190,BAO_0000219,cell-based format,Cc1ccc(-c2oc3ccc(OCc4ccc(F)cc4)cc3c2C(=O)O)cc1,,,CHEMBL2046432,Bioorg. Med. Chem.,2012,"{'bei': '12.65', 'le': '0.23', 'lle': '-1.06', 'sei': '7.98'}",CHEMBL2047088,,CHEMBL2047088,4.76,False,http://www.openphacts.org/units/Nanomolar,1652088,=,1,True,=,,IC50,nM,,17300.0,CHEMBL2046267,Homo sapiens,Anoctamin-1,9606,,,IC50,uM,UO_0000065,,17.3
,10943689,[],CHEMBL2050116,Inhibition of human TMEM16A transfected in FRT cells assessed as iodide influx using YFP-F46L/H148Q/I152L halide sensor after 10 mins by spectrofluorometric analysis,B,,,BAO_0000190,BAO_0000219,cell-based format,Cc1ccc(-c2oc3ccc(OCc4ccccc4Br)cc3c2C(=O)O)cc1,,,CHEMBL2046432,Bioorg. Med. Chem.,2012,"{'bei': '11.89', 'le': '0.25', 'lle': '-1.25', 'sei': '8.72'}",CHEMBL2047089,,CHEMBL2047089,5.20,False,http://www.openphacts.org/units/Nanomolar,1652089,=,1,True,=,,IC50,nM,,6300.0,CHEMBL2046267,Homo sapiens,Anoctamin-1,9606,,,IC50,uM,UO_0000065,,6.3
,10943690,[],CHEMBL2050116,Inhibition of human TMEM16A transfected in FRT cells assessed as iodide influx using YFP-F46L/H148Q/I152L halide sensor after 10 mins by spectrofluorometric analysis,B,,,BAO_0000190,BAO_0000219,cell-based format,Cc1ccc(-c2oc3ccc(OCc4cccc(-c5ccccc5)c4)cc3c2C(=O)O)cc1,,,CHEMBL2046432,Bioorg. Med. Chem.,2012,"{'bei': '11.02', 'le': '0.20', 'lle': '-2.56', 'sei': '8.02'}",CHEMBL2047090,,CHEMBL2047090,4.79,False,http://www.openphacts.org/units/Nanomolar,1652090,=,1,True,=,,IC50,nM,,16300.0,CHEMBL2046267,Homo sapiens,Anoctamin-1,9606,,,IC50,uM,UO_0000065,,16.3
,10943691,[],CHEMBL2050116,Inhibition of human TMEM16A transfected in FRT cells assessed as iodide influx using YFP-F46L/H148Q/I152L halide sensor after 10 mins by spectrofluorometric analysis,B,,,BAO_0000190,BAO_0000219,cell-based format,O=C(O)c1c(-c2ccc3ccccc3c2)oc2ccc(OCc3cccc(F)c3)cc12,,,CHEMBL2046432,Bioorg. Med. Chem.,2012,"{'bei': '13.14', 'le': '0.24', 'lle': '-1.25', 'sei': '9.08'}",CHEMBL2047091,,CHEMBL2047091,5.42,False,http://www.openphacts.org/units/Nanomolar,1652091,=,1,True,=,,IC50,nM,,3800.0,CHEMBL2046267,Homo sapiens,Anoctamin-1,9606,,,IC50,uM,UO_0000065,,3.8
,10943692,[],CHEMBL2050116,Inhibition of human TMEM16A transfected in FRT cells assessed as iodide influx using YFP-F46L/H148Q/I152L halide sensor after 10 mins by spectrofluorometric analysis,B,,,BAO_0000190,BAO_0000219,cell-based format,O=C(O)c1c(-c2ccc3ccccc3c2)oc2ccc(OCc3cccc(I)c3)cc12,,,CHEMBL2046432,Bioorg. Med. Chem.,2012,"{'bei': '9.44', 'le': '0.22', 'lle': '-2.22', 'sei': '8.23'}",CHEMBL2047092,,CHEMBL2047092,4.91,False,http://www.openphacts.org/units/Nanomolar,1652092,=,1,True,=,,IC50,nM,,12300.0,CHEMBL2046267,Homo sapiens,Anoctamin-1,9606,,,IC50,uM,UO_0000065,,12.3
,10943693,[],CHEMBL2050116,Inhibition of human TMEM16A transfected in FRT cells assessed as iodide influx using YFP-F46L/H148Q/I152L halide sensor after 10 mins by spectrofluorometric analysis,B,,,BAO_0000190,BAO_0000219,cell-based format,O=C(O)c1c(-c2ccc3ccccc3c2)oc2ccc(OCc3ccc(Br)cc3)cc12,,,CHEMBL2046432,Bioorg. Med. Chem.,2012,"{'bei': '11.22', 'le': '0.23', 'lle': '-1.98', 'sei': '8.90'}",CHEMBL2047093,,CHEMBL2047093,5.31,False,http://www.openphacts.org/units/Nanomolar,1652093,=,1,True,=,,IC50,nM,,4900.0,CHEMBL2046267,Homo sapiens,Anoctamin-1,9606,,,IC50,uM,UO_0000065,,4.9
,10943694,[],CHEMBL2050116,Inhibition of human TMEM16A transfected in FRT cells assessed as iodide influx using YFP-F46L/H148Q/I152L halide sensor after 10 mins by spectrofluorometric analysis,B,,,BAO_0000190,BAO_0000219,cell-based format,O=C(O)c1c(-c2ccc3ccccc3c2)oc2ccc(OCc3cccc(Cl)c3)cc12,,,CHEMBL2046432,Bioorg. Med. Chem.,2012,"{'bei': '11.92', 'le': '0.23', 'lle': '-2.07', 'sei': '8.57'}",CHEMBL2047094,,CHEMBL2047094,5.11,False,http://www.openphacts.org/units/Nanomolar,1652094,=,1,True,=,,IC50,nM,,7700.0,CHEMBL2046267,Homo sapiens,Anoctamin-1,9606,,,IC50,uM,UO_0000065,,7.7
,10943695,[],CHEMBL2050116,Inhibition of human TMEM16A transfected in FRT cells assessed as iodide influx using YFP-F46L/H148Q/I152L halide sensor after 10 mins by spectrofluorometric analysis,B,,,BAO_0000190,BAO_0000219,cell-based format,O=C(O)c1c(-c2ccc3ccccc3c2)oc2ccc(OCc3c(F)cccc3F)cc12,,,CHEMBL2046432,Bioorg. Med. Chem.,2012,"{'bei': '12.90', 'le': '0.24', 'lle': '-1.26', 'sei': '9.31'}",CHEMBL2047095,,CHEMBL2047095,5.55,False,http://www.openphacts.org/units/Nanomolar,1652095,=,1,True,=,,IC50,nM,,2800.0,CHEMBL2046267,Homo sapiens,Anoctamin-1,9606,,,IC50,uM,UO_0000065,,2.8
,10943696,[],CHEMBL2050116,Inhibition of human TMEM16A transfected in FRT cells assessed as iodide influx using YFP-F46L/H148Q/I152L halide sensor after 10 mins by spectrofluorometric analysis,B,,,BAO_0000190,BAO_0000219,cell-based format,O=C(O)c1c(-c2ccc3ccccc3c2)oc2ccc(OCc3cccc(C(F)(F)F)c3)cc12,,,CHEMBL2046432,Bioorg. Med. Chem.,2012,"{'bei': '10.78', 'le': '0.20', 'lle': '-2.57', 'sei': '8.35'}",CHEMBL2047096,,CHEMBL2047096,4.98,False,http://www.openphacts.org/units/Nanomolar,1652096,=,1,True,=,,IC50,nM,,10400.0,CHEMBL2046267,Homo sapiens,Anoctamin-1,9606,,,IC50,uM,UO_0000065,,10.4
,10943697,[],CHEMBL2050116,Inhibition of human TMEM16A transfected in FRT cells assessed as iodide influx using YFP-F46L/H148Q/I152L halide sensor after 10 mins by spectrofluorometric analysis,B,,,BAO_0000190,BAO_0000219,cell-based format,O=C(O)c1c(-c2ccc3ccccc3c2)oc2ccc(OCc3ccc(F)c(F)c3)cc12,,,CHEMBL2046432,Bioorg. Med. Chem.,2012,"{'bei': '12.77', 'le': '0.23', 'lle': '-1.32', 'sei': '9.21'}",CHEMBL2047097,,CHEMBL2047097,5.50,False,http://www.openphacts.org/units/Nanomolar,1652097,=,1,True,=,,IC50,nM,,3200.0,CHEMBL2046267,Homo sapiens,Anoctamin-1,9606,,,IC50,uM,UO_0000065,,3.2
,10943698,[],CHEMBL2050116,Inhibition of human TMEM16A transfected in FRT cells assessed as iodide influx using YFP-F46L/H148Q/I152L halide sensor after 10 mins by spectrofluorometric analysis,B,,,BAO_0000190,BAO_0000219,cell-based format,O=C(O)c1c(-c2ccc3ccccc3c2)oc2ccc(OCc3ccc(F)cc3)cc12,,,CHEMBL2046432,Bioorg. Med. Chem.,2012,"{'bei': '13.32', 'le': '0.24', 'lle': '-1.18', 'sei': '9.21'}",CHEMBL2047098,,CHEMBL2047098,5.50,False,http://www.openphacts.org/units/Nanomolar,1652098,=,1,True,=,,IC50,nM,,3200.0,CHEMBL2046267,Homo sapiens,Anoctamin-1,9606,,,IC50,uM,UO_0000065,,3.2
,10943699,[],CHEMBL2050116,Inhibition of human TMEM16A transfected in FRT cells assessed as iodide influx using YFP-F46L/H148Q/I152L halide sensor after 10 mins by spectrofluorometric analysis,B,,,BAO_0000190,BAO_0000219,cell-based format,O=C(O)c1c(-c2ccc3ccccc3c2)oc2ccc(OCc3ccccc3Br)cc12,,,CHEMBL2046432,Bioorg. Med. Chem.,2012,"{'bei': '11.16', 'le': '0.23', 'lle': '-2.01', 'sei': '8.86'}",CHEMBL2047099,,CHEMBL2047099,5.28,False,http://www.openphacts.org/units/Nanomolar,1652099,=,1,True,=,,IC50,nM,,5200.0,CHEMBL2046267,Homo sapiens,Anoctamin-1,9606,,,IC50,uM,UO_0000065,,5.2
,10943700,[],CHEMBL2050116,Inhibition of human TMEM16A transfected in FRT cells assessed as iodide influx using YFP-F46L/H148Q/I152L halide sensor after 10 mins by spectrofluorometric analysis,B,,,BAO_0000190,BAO_0000219,cell-based format,O=C(O)c1c(-c2ccc3ccccc3c2)oc2ccc(OCc3cccc(-c4ccccc4)c3)cc12,,,CHEMBL2046432,Bioorg. Med. Chem.,2012,"{'bei': '9.71', 'le': '0.17', 'lle': '-3.63', 'sei': '7.66'}",CHEMBL2047100,,CHEMBL2047100,4.57,False,http://www.openphacts.org/units/Nanomolar,1652100,=,1,True,=,,IC50,nM,,26900.0,CHEMBL2046267,Homo sapiens,Anoctamin-1,9606,,,IC50,uM,UO_0000065,,26.9
,18073653,[],CHEMBL4015867,Inhibition of human TMEM16A expressed in FRT cells co-expressing iodide sensitive fluorescent protein YFP-H148Q/I152L/F46L assessed as reduction in ATP-induced Ca2+ activation-mediated chloride current by measuring decrease in iodide influx preincubated for 10 mins followed by ATP/iodide addition by fluorescence assay,B,,,BAO_0000190,BAO_0000219,cell-based format,Cc1ccccc1NC(=O)c1c(NC(=O)C(F)(F)F)sc2c1CCCCC2,,,CHEMBL4014325,J Med Chem,2017,"{'bei': '16.09', 'le': '0.32', 'lle': '1.30', 'sei': '10.96'}",CHEMBL1444023,,CHEMBL1444023,6.38,False,http://www.openphacts.org/units/Nanomolar,2995796,=,1,True,=,,IC50,nM,,420.0,CHEMBL2046267,Homo sapiens,Anoctamin-1,9606,,,IC50,uM,UO_0000065,,0.42
,18073654,[],CHEMBL4015867,Inhibition of human TMEM16A expressed in FRT cells co-expressing iodide sensitive fluorescent protein YFP-H148Q/I152L/F46L assessed as reduction in ATP-induced Ca2+ activation-mediated chloride current by measuring decrease in iodide influx preincubated for 10 mins followed by ATP/iodide addition by fluorescence assay,B,,,BAO_0000190,BAO_0000219,cell-based format,Cc1ccccc1NC(=O)c1c(NC(=O)C(F)(F)C(F)(F)F)sc2c1CCCCC2,,,CHEMBL4014325,J Med Chem,2017,"{'bei': '13.18', 'le': '0.27', 'lle': '0.18', 'sei': '10.11'}",CHEMBL4090401,,CHEMBL4090401,5.89,False,http://www.openphacts.org/units/Nanomolar,2995797,=,1,True,=,,IC50,nM,,1300.0,CHEMBL2046267,Homo sapiens,Anoctamin-1,9606,,,IC50,uM,UO_0000065,,1.3
,18073655,[],CHEMBL4015867,Inhibition of human TMEM16A expressed in FRT cells co-expressing iodide sensitive fluorescent protein YFP-H148Q/I152L/F46L assessed as reduction in ATP-induced Ca2+ activation-mediated chloride current by measuring decrease in iodide influx preincubated for 10 mins followed by ATP/iodide addition by fluorescence assay,B,,,BAO_0000190,BAO_0000219,cell-based format,CC(=O)Nc1sc2c(c1C(=O)Nc1ccccc1C)CCCCC2,,,CHEMBL4014325,J Med Chem,2017,,CHEMBL4062416,,CHEMBL4062416,,False,http://www.openphacts.org/units/Nanomolar,2995798,>,1,True,>,,IC50,nM,,10000.0,CHEMBL2046267,Homo sapiens,Anoctamin-1,9606,,,IC50,uM,UO_0000065,,10.0
,18073656,[],CHEMBL4015867,Inhibition of human TMEM16A expressed in FRT cells co-expressing iodide sensitive fluorescent protein YFP-H148Q/I152L/F46L assessed as reduction in ATP-induced Ca2+ activation-mediated chloride current by measuring decrease in iodide influx preincubated for 10 mins followed by ATP/iodide addition by fluorescence assay,B,,,BAO_0000190,BAO_0000219,cell-based format,CCC(=O)Nc1sc2c(c1C(=O)Nc1ccccc1C)CCCCC2,,,CHEMBL4014325,J Med Chem,2017,,CHEMBL4068320,,CHEMBL4068320,,False,http://www.openphacts.org/units/Nanomolar,2995799,>,1,True,>,,IC50,nM,,20000.0,CHEMBL2046267,Homo sapiens,Anoctamin-1,9606,,,IC50,uM,UO_0000065,,20.0
,18073657,[],CHEMBL4015867,Inhibition of human TMEM16A expressed in FRT cells co-expressing iodide sensitive fluorescent protein YFP-H148Q/I152L/F46L assessed as reduction in ATP-induced Ca2+ activation-mediated chloride current by measuring decrease in iodide influx preincubated for 10 mins followed by ATP/iodide addition by fluorescence assay,B,,,BAO_0000190,BAO_0000219,cell-based format,O=C(Nc1ccccc1)c1c(NC(=O)C(F)(F)F)sc2c1CCCCC2,,,CHEMBL4014325,J Med Chem,2017,"{'bei': '17.06', 'le': '0.34', 'lle': '1.75', 'sei': '11.21'}",CHEMBL3134585,,CHEMBL3134585,6.52,False,http://www.openphacts.org/units/Nanomolar,2995800,=,1,True,=,,IC50,nM,,300.0,CHEMBL2046267,Homo sapiens,Anoctamin-1,9606,,,IC50,uM,UO_0000065,,0.3
,18073658,[],CHEMBL4015867,Inhibition of human TMEM16A expressed in FRT cells co-expressing iodide sensitive fluorescent protein YFP-H148Q/I152L/F46L assessed as reduction in ATP-induced Ca2+ activation-mediated chloride current by measuring decrease in iodide influx preincubated for 10 mins followed by ATP/iodide addition by fluorescence assay,B,,,BAO_0000190,BAO_0000219,cell-based format,O=C(Nc1ccccc1)c1c(NC(=O)C(F)(F)C(F)(F)F)sc2c1CCCCC2,,,CHEMBL4014325,J Med Chem,2017,"{'bei': '12.96', 'le': '0.26', 'lle': '0.19', 'sei': '9.63'}",CHEMBL4059668,,CHEMBL4059668,5.60,False,http://www.openphacts.org/units/Nanomolar,2995801,=,1,True,=,,IC50,nM,,2500.0,CHEMBL2046267,Homo sapiens,Anoctamin-1,9606,,,IC50,uM,UO_0000065,,2.5
,18073659,[],CHEMBL4015867,Inhibition of human TMEM16A expressed in FRT cells co-expressing iodide sensitive fluorescent protein YFP-H148Q/I152L/F46L assessed as reduction in ATP-induced Ca2+ activation-mediated chloride current by measuring decrease in iodide influx preincubated for 10 mins followed by ATP/iodide addition by fluorescence assay,B,,,BAO_0000190,BAO_0000219,cell-based format,CC(=O)Nc1sc2c(c1C(=O)Nc1ccccc1)CCCCC2,,,CHEMBL4014325,J Med Chem,2017,,CHEMBL4081619,,CHEMBL4081619,,False,http://www.openphacts.org/units/Nanomolar,2995802,>,1,True,>,,IC50,nM,,20000.0,CHEMBL2046267,Homo sapiens,Anoctamin-1,9606,,,IC50,uM,UO_0000065,,20.0
,18073660,[],CHEMBL4015867,Inhibition of human TMEM16A expressed in FRT cells co-expressing iodide sensitive fluorescent protein YFP-H148Q/I152L/F46L assessed as reduction in ATP-induced Ca2+ activation-mediated chloride current by measuring decrease in iodide influx preincubated for 10 mins followed by ATP/iodide addition by fluorescence assay,B,,,BAO_0000190,BAO_0000219,cell-based format,CCC(=O)Nc1sc2c(c1C(=O)Nc1ccccc1)CCCCC2,,,CHEMBL4014325,J Med Chem,2017,"{'bei': '17.29', 'le': '0.34', 'lle': '1.30', 'sei': '10.17'}",CHEMBL4087045,,CHEMBL4087045,5.92,False,http://www.openphacts.org/units/Nanomolar,2995803,=,1,True,=,,IC50,nM,,1200.0,CHEMBL2046267,Homo sapiens,Anoctamin-1,9606,,,IC50,uM,UO_0000065,,1.2
,18073661,[],CHEMBL4015867,Inhibition of human TMEM16A expressed in FRT cells co-expressing iodide sensitive fluorescent protein YFP-H148Q/I152L/F46L assessed as reduction in ATP-induced Ca2+ activation-mediated chloride current by measuring decrease in iodide influx preincubated for 10 mins followed by ATP/iodide addition by fluorescence assay,B,,,BAO_0000190,BAO_0000219,cell-based format,CCc1ccccc1NC(=O)c1c(NC(=O)C(F)(F)F)sc2c1CCCCC2,,,CHEMBL4014325,J Med Chem,2017,"{'bei': '14.34', 'le': '0.29', 'lle': '0.56', 'sei': '10.11'}",CHEMBL4104905,,CHEMBL4104905,5.89,False,http://www.openphacts.org/units/Nanomolar,2995804,=,1,True,=,,IC50,nM,,1300.0,CHEMBL2046267,Homo sapiens,Anoctamin-1,9606,,,IC50,uM,UO_0000065,,1.3
,18073662,[],CHEMBL4015867,Inhibition of human TMEM16A expressed in FRT cells co-expressing iodide sensitive fluorescent protein YFP-H148Q/I152L/F46L assessed as reduction in ATP-induced Ca2+ activation-mediated chloride current by measuring decrease in iodide influx preincubated for 10 mins followed by ATP/iodide addition by fluorescence assay,B,,,BAO_0000190,BAO_0000219,cell-based format,O=C(Nc1ccccc1F)c1c(NC(=O)C(F)(F)F)sc2c1CCCCC2,,,CHEMBL4014325,J Med Chem,2017,"{'bei': '14.70', 'le': '0.30', 'lle': '0.98', 'sei': '10.11'}",CHEMBL4072679,,CHEMBL4072679,5.89,False,http://www.openphacts.org/units/Nanomolar,2995805,=,1,True,=,,IC50,nM,,1300.0,CHEMBL2046267,Homo sapiens,Anoctamin-1,9606,,,IC50,uM,UO_0000065,,1.3
,18073663,[],CHEMBL4015867,Inhibition of human TMEM16A expressed in FRT cells co-expressing iodide sensitive fluorescent protein YFP-H148Q/I152L/F46L assessed as reduction in ATP-induced Ca2+ activation-mediated chloride current by measuring decrease in iodide influx preincubated for 10 mins followed by ATP/iodide addition by fluorescence assay,B,,,BAO_0000190,BAO_0000219,cell-based format,O=C(Nc1ccc(F)cc1)c1c(NC(=O)C(F)(F)F)sc2c1CCCCC2,,,CHEMBL4014325,J Med Chem,2017,"{'bei': '16.22', 'le': '0.33', 'lle': '1.58', 'sei': '11.16'}",CHEMBL4099581,,CHEMBL4099581,6.50,False,http://www.openphacts.org/units/Nanomolar,2995806,=,1,True,=,,IC50,nM,,320.0,CHEMBL2046267,Homo sapiens,Anoctamin-1,9606,,,IC50,uM,UO_0000065,,0.32
,18073664,[],CHEMBL4015867,Inhibition of human TMEM16A expressed in FRT cells co-expressing iodide sensitive fluorescent protein YFP-H148Q/I152L/F46L assessed as reduction in ATP-induced Ca2+ activation-mediated chloride current by measuring decrease in iodide influx preincubated for 10 mins followed by ATP/iodide addition by fluorescence assay,B,,,BAO_0000190,BAO_0000219,cell-based format,O=C(Nc1ccccc1Cl)c1c(NC(=O)C(F)(F)F)sc2c1CCCCC2,,,CHEMBL4014325,J Med Chem,2017,"{'bei': '14.83', 'le': '0.31', 'lle': '0.76', 'sei': '10.62'}",CHEMBL4083154,,CHEMBL4083154,6.18,False,http://www.openphacts.org/units/Nanomolar,2995807,=,1,True,=,,IC50,nM,,660.0,CHEMBL2046267,Homo sapiens,Anoctamin-1,9606,,,IC50,uM,UO_0000065,,0.66
,18073665,[],CHEMBL4015867,Inhibition of human TMEM16A expressed in FRT cells co-expressing iodide sensitive fluorescent protein YFP-H148Q/I152L/F46L assessed as reduction in ATP-induced Ca2+ activation-mediated chloride current by measuring decrease in iodide influx preincubated for 10 mins followed by ATP/iodide addition by fluorescence assay,B,,,BAO_0000190,BAO_0000219,cell-based format,O=C(Nc1ccccc1Cl)c1c(NC(=O)C(F)(F)C(F)(F)F)sc2c1CCCCC2,,,CHEMBL4014325,J Med Chem,2017,,CHEMBL4061287,,CHEMBL4061287,,False,http://www.openphacts.org/units/Nanomolar,2995808,>,1,True,>,,IC50,nM,,20000.0,CHEMBL2046267,Homo sapiens,Anoctamin-1,9606,,,IC50,uM,UO_0000065,,20.0
,18073666,[],CHEMBL4015867,Inhibition of human TMEM16A expressed in FRT cells co-expressing iodide sensitive fluorescent protein YFP-H148Q/I152L/F46L assessed as reduction in ATP-induced Ca2+ activation-mediated chloride current by measuring decrease in iodide influx preincubated for 10 mins followed by ATP/iodide addition by fluorescence assay,B,,,BAO_0000190,BAO_0000219,cell-based format,O=C(Nc1cccc(Cl)c1)c1c(NC(=O)C(F)(F)F)sc2c1CCCCC2,,,CHEMBL4014325,J Med Chem,2017,"{'bei': '12.72', 'le': '0.27', 'lle': '-0.12', 'sei': '9.11'}",CHEMBL4102064,,CHEMBL4102064,5.30,False,http://www.openphacts.org/units/Nanomolar,2995809,=,1,True,=,,IC50,nM,,5000.0,CHEMBL2046267,Homo sapiens,Anoctamin-1,9606,,,IC50,uM,UO_0000065,,5.0
,18073667,[],CHEMBL4015867,Inhibition of human TMEM16A expressed in FRT cells co-expressing iodide sensitive fluorescent protein YFP-H148Q/I152L/F46L assessed as reduction in ATP-induced Ca2+ activation-mediated chloride current by measuring decrease in iodide influx preincubated for 10 mins followed by ATP/iodide addition by fluorescence assay,B,,,BAO_0000190,BAO_0000219,cell-based format,O=C(Nc1ccc(Cl)cc1)c1c(NC(=O)C(F)(F)F)sc2c1CCCCC2,,,CHEMBL4014325,J Med Chem,2017,"{'bei': '13.25', 'le': '0.28', 'lle': '0.10', 'sei': '9.49'}",CHEMBL3134586,,CHEMBL3134586,5.52,False,http://www.openphacts.org/units/Nanomolar,2995810,=,1,True,=,,IC50,nM,,3000.0,CHEMBL2046267,Homo sapiens,Anoctamin-1,9606,,,IC50,uM,UO_0000065,,3.0
,18073668,[],CHEMBL4015867,Inhibition of human TMEM16A expressed in FRT cells co-expressing iodide sensitive fluorescent protein YFP-H148Q/I152L/F46L assessed as reduction in ATP-induced Ca2+ activation-mediated chloride current by measuring decrease in iodide influx preincubated for 10 mins followed by ATP/iodide addition by fluorescence assay,B,,,BAO_0000190,BAO_0000219,cell-based format,O=C(Nc1ccc(C(F)(F)F)cc1)c1c(NC(=O)C(F)(F)F)sc2c1CCCCC2,,,CHEMBL4014325,J Med Chem,2017,"{'bei': '11.77', 'le': '0.24', 'lle': '-0.49', 'sei': '9.11'}",CHEMBL3134587,,CHEMBL3134587,5.30,False,http://www.openphacts.org/units/Nanomolar,2995811,=,1,True,=,,IC50,nM,,5000.0,CHEMBL2046267,Homo sapiens,Anoctamin-1,9606,,,IC50,uM,UO_0000065,,5.0
,18073669,[],CHEMBL4015867,Inhibition of human TMEM16A expressed in FRT cells co-expressing iodide sensitive fluorescent protein YFP-H148Q/I152L/F46L assessed as reduction in ATP-induced Ca2+ activation-mediated chloride current by measuring decrease in iodide influx preincubated for 10 mins followed by ATP/iodide addition by fluorescence assay,B,,,BAO_0000190,BAO_0000219,cell-based format,O=C(Nc1ccccc1OC(F)(F)F)c1c(NC(=O)C(F)(F)F)sc2c1CCCCC2,,,CHEMBL4014325,J Med Chem,2017,"{'bei': '12.62', 'le': '0.26', 'lle': '0.22', 'sei': '8.73'}",CHEMBL4091843,,CHEMBL4091843,5.89,False,http://www.openphacts.org/units/Nanomolar,2995812,=,1,True,=,,IC50,nM,,1300.0,CHEMBL2046267,Homo sapiens,Anoctamin-1,9606,,,IC50,uM,UO_0000065,,1.3
,18073670,[],CHEMBL4015867,Inhibition of human TMEM16A expressed in FRT cells co-expressing iodide sensitive fluorescent protein YFP-H148Q/I152L/F46L assessed as reduction in ATP-induced Ca2+ activation-mediated chloride current by measuring decrease in iodide influx preincubated for 10 mins followed by ATP/iodide addition by fluorescence assay,B,,,BAO_0000190,BAO_0000219,cell-based format,O=C(Nc1ccccc1OC(F)(F)F)c1c(NC(=O)C(F)(F)C(F)(F)F)sc2c1CCCCC2,,,CHEMBL4014325,J Med Chem,2017,"{'bei': '10.78', 'le': '0.22', 'lle': '-0.73', 'sei': '8.26'}",CHEMBL4060277,,CHEMBL4060277,5.57,False,http://www.openphacts.org/units/Nanomolar,2995813,=,1,True,=,,IC50,nM,,2700.0,CHEMBL2046267,Homo sapiens,Anoctamin-1,9606,,,IC50,uM,UO_0000065,,2.7
,18073671,[],CHEMBL4015867,Inhibition of human TMEM16A expressed in FRT cells co-expressing iodide sensitive fluorescent protein YFP-H148Q/I152L/F46L assessed as reduction in ATP-induced Ca2+ activation-mediated chloride current by measuring decrease in iodide influx preincubated for 10 mins followed by ATP/iodide addition by fluorescence assay,B,,,BAO_0000190,BAO_0000219,cell-based format,CC(=O)Nc1sc2c(c1C(=O)Nc1ccccc1OC(F)(F)F)CCCCC2,,,CHEMBL4014325,J Med Chem,2017,,CHEMBL4088499,,CHEMBL4088499,,False,http://www.openphacts.org/units/Nanomolar,2995814,>,1,True,>,,IC50,nM,,20000.0,CHEMBL2046267,Homo sapiens,Anoctamin-1,9606,,,IC50,uM,UO_0000065,,20.0
,18073672,[],CHEMBL4015867,Inhibition of human TMEM16A expressed in FRT cells co-expressing iodide sensitive fluorescent protein YFP-H148Q/I152L/F46L assessed as reduction in ATP-induced Ca2+ activation-mediated chloride current by measuring decrease in iodide influx preincubated for 10 mins followed by ATP/iodide addition by fluorescence assay,B,,,BAO_0000190,BAO_0000219,cell-based format,CCC(=O)Nc1sc2c(c1C(=O)Nc1ccccc1OC(F)(F)F)CCCCC2,,,CHEMBL4014325,J Med Chem,2017,,CHEMBL4060824,,CHEMBL4060824,,False,http://www.openphacts.org/units/Nanomolar,2995815,>,1,True,>,,IC50,nM,,20000.0,CHEMBL2046267,Homo sapiens,Anoctamin-1,9606,,,IC50,uM,UO_0000065,,20.0
,18073673,[],CHEMBL4015867,Inhibition of human TMEM16A expressed in FRT cells co-expressing iodide sensitive fluorescent protein YFP-H148Q/I152L/F46L assessed as reduction in ATP-induced Ca2+ activation-mediated chloride current by measuring decrease in iodide influx preincubated for 10 mins followed by ATP/iodide addition by fluorescence assay,B,,,BAO_0000190,BAO_0000219,cell-based format,O=C(Nc1ccccc1)c1c(NC(=O)C(F)(F)F)sc2c1CCCC2,,,CHEMBL4014325,J Med Chem,2017,"{'bei': '17.46', 'le': '0.35', 'lle': '2.05', 'sei': '11.05'}",CHEMBL4082703,,CHEMBL4082703,6.43,False,http://www.openphacts.org/units/Nanomolar,2995816,=,1,True,=,,IC50,nM,,370.0,CHEMBL2046267,Homo sapiens,Anoctamin-1,9606,,,IC50,uM,UO_0000065,,0.37
,18073674,[],CHEMBL4015867,Inhibition of human TMEM16A expressed in FRT cells co-expressing iodide sensitive fluorescent protein YFP-H148Q/I152L/F46L assessed as reduction in ATP-induced Ca2+ activation-mediated chloride current by measuring decrease in iodide influx preincubated for 10 mins followed by ATP/iodide addition by fluorescence assay,B,,,BAO_0000190,BAO_0000219,cell-based format,Cc1ccccc1NC(=O)c1c(NC(=O)C(F)(F)F)sc2c1CCCC2,,,CHEMBL4014325,J Med Chem,2017,"{'bei': '17.70', 'le': '0.36', 'lle': '2.08', 'sei': '11.63'}",CHEMBL4069503,,CHEMBL4069503,6.77,False,http://www.openphacts.org/units/Nanomolar,2995817,=,1,True,=,,IC50,nM,,170.0,CHEMBL2046267,Homo sapiens,Anoctamin-1,9606,,,IC50,uM,UO_0000065,,0.17
,18073675,[],CHEMBL4015867,Inhibition of human TMEM16A expressed in FRT cells co-expressing iodide sensitive fluorescent protein YFP-H148Q/I152L/F46L assessed as reduction in ATP-induced Ca2+ activation-mediated chloride current by measuring decrease in iodide influx preincubated for 10 mins followed by ATP/iodide addition by fluorescence assay,B,,,BAO_0000190,BAO_0000219,cell-based format,Cc1ccc(NC(=O)c2c(NC(=O)C(F)(F)F)sc3c2CCCC3)cc1,,,CHEMBL4014325,J Med Chem,2017,"{'bei': '17.41', 'le': '0.35', 'lle': '1.97', 'sei': '11.44'}",CHEMBL4090522,,CHEMBL4090522,6.66,False,http://www.openphacts.org/units/Nanomolar,2995818,=,1,True,=,,IC50,nM,,220.0,CHEMBL2046267,Homo sapiens,Anoctamin-1,9606,,,IC50,uM,UO_0000065,,0.22
,18073676,[],CHEMBL4015867,Inhibition of human TMEM16A expressed in FRT cells co-expressing iodide sensitive fluorescent protein YFP-H148Q/I152L/F46L assessed as reduction in ATP-induced Ca2+ activation-mediated chloride current by measuring decrease in iodide influx preincubated for 10 mins followed by ATP/iodide addition by fluorescence assay,B,,,BAO_0000190,BAO_0000219,cell-based format,O=C(Nc1ccc(F)cc1)c1c(NC(=O)C(F)(F)F)sc2c1CCCC2,,,CHEMBL4014325,J Med Chem,2017,"{'bei': '16.33', 'le': '0.33', 'lle': '1.79', 'sei': '10.84'}",CHEMBL4080209,,CHEMBL4080209,6.31,False,http://www.openphacts.org/units/Nanomolar,2995819,=,1,True,=,,IC50,nM,,490.0,CHEMBL2046267,Homo sapiens,Anoctamin-1,9606,,,IC50,uM,UO_0000065,,0.49
,18073677,[],CHEMBL4015867,Inhibition of human TMEM16A expressed in FRT cells co-expressing iodide sensitive fluorescent protein YFP-H148Q/I152L/F46L assessed as reduction in ATP-induced Ca2+ activation-mediated chloride current by measuring decrease in iodide influx preincubated for 10 mins followed by ATP/iodide addition by fluorescence assay,B,,,BAO_0000190,BAO_0000219,cell-based format,Cc1ccccc1NC(=O)c1c(NC(=O)C(F)(F)C(F)(F)F)sc2c1CCOC2,,,CHEMBL4014325,J Med Chem,2017,"{'bei': '13.34', 'le': '0.27', 'lle': '1.28', 'sei': '8.60'}",CHEMBL4098234,,CHEMBL4098234,5.80,False,http://www.openphacts.org/units/Nanomolar,2995820,=,1,True,=,,IC50,nM,,1600.0,CHEMBL2046267,Homo sapiens,Anoctamin-1,9606,,,IC50,uM,UO_0000065,,1.6
,18073678,[],CHEMBL4015867,Inhibition of human TMEM16A expressed in FRT cells co-expressing iodide sensitive fluorescent protein YFP-H148Q/I152L/F46L assessed as reduction in ATP-induced Ca2+ activation-mediated chloride current by measuring decrease in iodide influx preincubated for 10 mins followed by ATP/iodide addition by fluorescence assay,B,,,BAO_0000190,BAO_0000219,cell-based format,CCC(=O)Nc1sc2c(c1C(=O)Nc1ccccc1C)CCOC2,,,CHEMBL4014325,J Med Chem,2017,"{'bei': '16.03', 'le': '0.31', 'lle': '1.79', 'sei': '8.19'}",CHEMBL4088086,,CHEMBL4088086,5.52,False,http://www.openphacts.org/units/Nanomolar,2995821,=,1,True,=,,IC50,nM,,3000.0,CHEMBL2046267,Homo sapiens,Anoctamin-1,9606,,,IC50,uM,UO_0000065,,3.0
,18073679,[],CHEMBL4015867,Inhibition of human TMEM16A expressed in FRT cells co-expressing iodide sensitive fluorescent protein YFP-H148Q/I152L/F46L assessed as reduction in ATP-induced Ca2+ activation-mediated chloride current by measuring decrease in iodide influx preincubated for 10 mins followed by ATP/iodide addition by fluorescence assay,B,,,BAO_0000190,BAO_0000219,cell-based format,O=C(Nc1ccccc1Cl)c1c(NC(=O)C(F)(F)F)sc2c1CCOC2,,,CHEMBL4014325,J Med Chem,2017,"{'bei': '14.54', 'le': '0.31', 'lle': '1.66', 'sei': '8.73'}",CHEMBL4059811,,CHEMBL4059811,5.89,False,http://www.openphacts.org/units/Nanomolar,2995822,=,1,True,=,,IC50,nM,,1300.0,CHEMBL2046267,Homo sapiens,Anoctamin-1,9606,,,IC50,uM,UO_0000065,,1.3
,18073680,[],CHEMBL4015867,Inhibition of human TMEM16A expressed in FRT cells co-expressing iodide sensitive fluorescent protein YFP-H148Q/I152L/F46L assessed as reduction in ATP-induced Ca2+ activation-mediated chloride current by measuring decrease in iodide influx preincubated for 10 mins followed by ATP/iodide addition by fluorescence assay,B,,,BAO_0000190,BAO_0000219,cell-based format,Cc1ccc(NC(=O)c2c(NC(=O)C(F)(F)F)sc3c2CCOC3)cc1,,,CHEMBL4014325,J Med Chem,2017,"{'bei': '13.79', 'le': '0.28', 'lle': '1.42', 'sei': '7.86'}",CHEMBL4073258,,CHEMBL4073258,5.30,False,http://www.openphacts.org/units/Nanomolar,2995823,=,1,True,=,,IC50,nM,,5000.0,CHEMBL2046267,Homo sapiens,Anoctamin-1,9606,,,IC50,uM,UO_0000065,,5.0
,18073681,[],CHEMBL4015867,Inhibition of human TMEM16A expressed in FRT cells co-expressing iodide sensitive fluorescent protein YFP-H148Q/I152L/F46L assessed as reduction in ATP-induced Ca2+ activation-mediated chloride current by measuring decrease in iodide influx preincubated for 10 mins followed by ATP/iodide addition by fluorescence assay,B,,,BAO_0000190,BAO_0000219,cell-based format,O=C(Nc1ccc(F)cc1)c1c(NC(=O)C(F)(F)F)sc2c1CCOC2,,,CHEMBL4014325,J Med Chem,2017,"{'bei': '13.96', 'le': '0.28', 'lle': '1.71', 'sei': '8.04'}",CHEMBL4093932,,CHEMBL4093932,5.42,False,http://www.openphacts.org/units/Nanomolar,2995824,=,1,True,=,,IC50,nM,,3800.0,CHEMBL2046267,Homo sapiens,Anoctamin-1,9606,,,IC50,uM,UO_0000065,,3.8
,18073682,[],CHEMBL4015867,Inhibition of human TMEM16A expressed in FRT cells co-expressing iodide sensitive fluorescent protein YFP-H148Q/I152L/F46L assessed as reduction in ATP-induced Ca2+ activation-mediated chloride current by measuring decrease in iodide influx preincubated for 10 mins followed by ATP/iodide addition by fluorescence assay,B,,,BAO_0000190,BAO_0000219,cell-based format,Cc1ccccc1NC(=O)c1c(NC(=O)C(F)(F)F)sc2c1CCC2,,,CHEMBL4014325,J Med Chem,2017,,CHEMBL4084205,,CHEMBL4084205,,False,http://www.openphacts.org/units/Nanomolar,2995825,>,1,True,>,,IC50,nM,,20000.0,CHEMBL2046267,Homo sapiens,Anoctamin-1,9606,,,IC50,uM,UO_0000065,,20.0
,18073683,[],CHEMBL4015867,Inhibition of human TMEM16A expressed in FRT cells co-expressing iodide sensitive fluorescent protein YFP-H148Q/I152L/F46L assessed as reduction in ATP-induced Ca2+ activation-mediated chloride current by measuring decrease in iodide influx preincubated for 10 mins followed by ATP/iodide addition by fluorescence assay,B,,,BAO_0000190,BAO_0000219,cell-based format,Cc1ccccc1NC(=O)c1c(NC(=O)C(F)(F)C(F)(F)F)sc2c1CCC2,,,CHEMBL4014325,J Med Chem,2017,"{'bei': '12.45', 'le': '0.25', 'lle': '0.28', 'sei': '8.95'}",CHEMBL4062500,,CHEMBL4062500,5.21,False,http://www.openphacts.org/units/Nanomolar,2995826,=,1,True,=,,IC50,nM,,6200.0,CHEMBL2046267,Homo sapiens,Anoctamin-1,9606,,,IC50,uM,UO_0000065,,6.2
,18073684,[],CHEMBL4015867,Inhibition of human TMEM16A expressed in FRT cells co-expressing iodide sensitive fluorescent protein YFP-H148Q/I152L/F46L assessed as reduction in ATP-induced Ca2+ activation-mediated chloride current by measuring decrease in iodide influx preincubated for 10 mins followed by ATP/iodide addition by fluorescence assay,B,,,BAO_0000190,BAO_0000219,cell-based format,CC(=O)Nc1sc2c(c1C(=O)Nc1ccccc1C)CCC2,,,CHEMBL4014325,J Med Chem,2017,,CHEMBL4073870,,CHEMBL4073870,,False,http://www.openphacts.org/units/Nanomolar,2995827,>,1,True,>,,IC50,nM,,20000.0,CHEMBL2046267,Homo sapiens,Anoctamin-1,9606,,,IC50,uM,UO_0000065,,20.0
,18073685,[],CHEMBL4015867,Inhibition of human TMEM16A expressed in FRT cells co-expressing iodide sensitive fluorescent protein YFP-H148Q/I152L/F46L assessed as reduction in ATP-induced Ca2+ activation-mediated chloride current by measuring decrease in iodide influx preincubated for 10 mins followed by ATP/iodide addition by fluorescence assay,B,,,BAO_0000190,BAO_0000219,cell-based format,CCC(=O)Nc1sc2c(c1C(=O)Nc1ccccc1C)CCC2,,,CHEMBL4014325,J Med Chem,2017,,CHEMBL4100649,,CHEMBL4100649,,False,http://www.openphacts.org/units/Nanomolar,2995828,>,1,True,>,,IC50,nM,,20000.0,CHEMBL2046267,Homo sapiens,Anoctamin-1,9606,,,IC50,uM,UO_0000065,,20.0
,18073686,[],CHEMBL4015867,Inhibition of human TMEM16A expressed in FRT cells co-expressing iodide sensitive fluorescent protein YFP-H148Q/I152L/F46L assessed as reduction in ATP-induced Ca2+ activation-mediated chloride current by measuring decrease in iodide influx preincubated for 10 mins followed by ATP/iodide addition by fluorescence assay,B,,,BAO_0000190,BAO_0000219,cell-based format,Cc1ccc(NC(=O)c2c(NC(=O)C(F)(F)F)sc3c2CCC3)cc1,,,CHEMBL4014325,J Med Chem,2017,"{'bei': '15.21', 'le': '0.31', 'lle': '1.30', 'sei': '9.63'}",CHEMBL4099708,,CHEMBL4099708,5.60,False,http://www.openphacts.org/units/Nanomolar,2995829,=,1,True,=,,IC50,nM,,2500.0,CHEMBL2046267,Homo sapiens,Anoctamin-1,9606,,,IC50,uM,UO_0000065,,2.5
,18073687,[],CHEMBL4015867,Inhibition of human TMEM16A expressed in FRT cells co-expressing iodide sensitive fluorescent protein YFP-H148Q/I152L/F46L assessed as reduction in ATP-induced Ca2+ activation-mediated chloride current by measuring decrease in iodide influx preincubated for 10 mins followed by ATP/iodide addition by fluorescence assay,B,,,BAO_0000190,BAO_0000219,cell-based format,O=C(Nc1ccccc1Cl)c1c(NC(=O)C(F)(F)F)sc2c1CCC2,,,CHEMBL4014325,J Med Chem,2017,"{'bei': '15.14', 'le': '0.32', 'lle': '1.25', 'sei': '10.11'}",CHEMBL4081693,,CHEMBL4081693,5.89,False,http://www.openphacts.org/units/Nanomolar,2995830,=,1,True,=,,IC50,nM,,1300.0,CHEMBL2046267,Homo sapiens,Anoctamin-1,9606,,,IC50,uM,UO_0000065,,1.3
,18073688,[],CHEMBL4015867,Inhibition of human TMEM16A expressed in FRT cells co-expressing iodide sensitive fluorescent protein YFP-H148Q/I152L/F46L assessed as reduction in ATP-induced Ca2+ activation-mediated chloride current by measuring decrease in iodide influx preincubated for 10 mins followed by ATP/iodide addition by fluorescence assay,B,,,BAO_0000190,BAO_0000219,cell-based format,O=C(Nc1ccccc1OC(F)(F)F)c1c(NC(=O)C(F)(F)F)sc2c1CCC2,,,CHEMBL4014325,J Med Chem,2017,"{'bei': '14.67', 'le': '0.30', 'lle': '1.54', 'sei': '9.54'}",CHEMBL4091961,,CHEMBL4091961,6.43,False,http://www.openphacts.org/units/Nanomolar,2995831,=,1,True,=,,IC50,nM,,370.0,CHEMBL2046267,Homo sapiens,Anoctamin-1,9606,,,IC50,uM,UO_0000065,,0.37
,18073689,[],CHEMBL4015867,Inhibition of human TMEM16A expressed in FRT cells co-expressing iodide sensitive fluorescent protein YFP-H148Q/I152L/F46L assessed as reduction in ATP-induced Ca2+ activation-mediated chloride current by measuring decrease in iodide influx preincubated for 10 mins followed by ATP/iodide addition by fluorescence assay,B,,,BAO_0000190,BAO_0000219,cell-based format,Cc1ccccc1NC(=O)c1c(NC(=O)C(F)(F)Cl)sc2c1CCCCC2,,,CHEMBL4014325,J Med Chem,2017,"{'bei': '16.34', 'le': '0.34', 'lle': '1.39', 'sei': '11.59'}",CHEMBL4071143,,CHEMBL4071143,6.75,False,http://www.openphacts.org/units/Nanomolar,2995832,=,1,True,=,,IC50,nM,,180.0,CHEMBL2046267,Homo sapiens,Anoctamin-1,9606,,,IC50,uM,UO_0000065,,0.18
,18073690,[],CHEMBL4015867,Inhibition of human TMEM16A expressed in FRT cells co-expressing iodide sensitive fluorescent protein YFP-H148Q/I152L/F46L assessed as reduction in ATP-induced Ca2+ activation-mediated chloride current by measuring decrease in iodide influx preincubated for 10 mins followed by ATP/iodide addition by fluorescence assay,B,,,BAO_0000190,BAO_0000219,cell-based format,Cc1ccccc1NC(=O)c1c(NC(=O)C(F)(F)C(F)(F)C(F)(F)F)sc2c1CCCCC2,,,CHEMBL4014325,J Med Chem,2017,"{'bei': '12.93', 'le': '0.27', 'lle': '0.07', 'sei': '11.03'}",CHEMBL4095365,,CHEMBL4095365,6.42,False,http://www.openphacts.org/units/Nanomolar,2995833,=,1,True,=,,IC50,nM,,380.0,CHEMBL2046267,Homo sapiens,Anoctamin-1,9606,,,IC50,uM,UO_0000065,,0.38
,18073691,[],CHEMBL4015867,Inhibition of human TMEM16A expressed in FRT cells co-expressing iodide sensitive fluorescent protein YFP-H148Q/I152L/F46L assessed as reduction in ATP-induced Ca2+ activation-mediated chloride current by measuring decrease in iodide influx preincubated for 10 mins followed by ATP/iodide addition by fluorescence assay,B,,,BAO_0000190,BAO_0000219,cell-based format,Cc1ccccc1NC(=O)c1c(NC(=O)C(F)(F)Br)sc2c1CCCCC2,,,CHEMBL4014325,J Med Chem,2017,"{'bei': '15.48', 'le': '0.36', 'lle': '1.58', 'sei': '12.17'}",CHEMBL4074929,,CHEMBL4074929,7.08,False,http://www.openphacts.org/units/Nanomolar,2995834,=,1,True,=,,IC50,nM,,83.0,CHEMBL2046267,Homo sapiens,Anoctamin-1,9606,,,IC50,uM,UO_0000065,,0.083
,18073692,[],CHEMBL4015867,Inhibition of human TMEM16A expressed in FRT cells co-expressing iodide sensitive fluorescent protein YFP-H148Q/I152L/F46L assessed as reduction in ATP-induced Ca2+ activation-mediated chloride current by measuring decrease in iodide influx preincubated for 10 mins followed by ATP/iodide addition by fluorescence assay,B,,,BAO_0000190,BAO_0000219,cell-based format,Cc1ccccc1NC(=O)c1c(NC(=O)C(F)(F)I)sc2c1CCCCC2,,,CHEMBL4014325,J Med Chem,2017,"{'bei': '12.34', 'le': '0.31', 'lle': '0.68', 'sei': '10.69'}",CHEMBL4085154,,CHEMBL4085154,6.22,False,http://www.openphacts.org/units/Nanomolar,2995835,=,1,True,=,,IC50,nM,,600.0,CHEMBL2046267,Homo sapiens,Anoctamin-1,9606,,,IC50,uM,UO_0000065,,0.6
,18073693,[],CHEMBL4015867,Inhibition of human TMEM16A expressed in FRT cells co-expressing iodide sensitive fluorescent protein YFP-H148Q/I152L/F46L assessed as reduction in ATP-induced Ca2+ activation-mediated chloride current by measuring decrease in iodide influx preincubated for 10 mins followed by ATP/iodide addition by fluorescence assay,B,,,BAO_0000190,BAO_0000219,cell-based format,O=C(Nc1ccccc1)c1c(NC(=O)C(F)(F)Cl)sc2c1CCCCC2,,,CHEMBL4014325,J Med Chem,2017,"{'bei': '15.13', 'le': '0.32', 'lle': '0.99', 'sei': '10.37'}",CHEMBL4103095,,CHEMBL4103095,6.03,False,http://www.openphacts.org/units/Nanomolar,2995836,=,1,True,=,,IC50,nM,,925.0,CHEMBL2046267,Homo sapiens,Anoctamin-1,9606,,,IC50,uM,UO_0000065,,0.925
,18073694,[],CHEMBL4015867,Inhibition of human TMEM16A expressed in FRT cells co-expressing iodide sensitive fluorescent protein YFP-H148Q/I152L/F46L assessed as reduction in ATP-induced Ca2+ activation-mediated chloride current by measuring decrease in iodide influx preincubated for 10 mins followed by ATP/iodide addition by fluorescence assay,B,,,BAO_0000190,BAO_0000219,cell-based format,O=C(Nc1ccccc1)c1c(NC(=O)C(F)(F)Br)sc2c1CCCCC2,,,CHEMBL4014325,J Med Chem,2017,"{'bei': '14.97', 'le': '0.35', 'lle': '1.44', 'sei': '11.41'}",CHEMBL4074900,,CHEMBL4074900,6.64,False,http://www.openphacts.org/units/Nanomolar,2995837,=,1,True,=,,IC50,nM,,230.0,CHEMBL2046267,Homo sapiens,Anoctamin-1,9606,,,IC50,uM,UO_0000065,,0.23
,18073695,[],CHEMBL4015867,Inhibition of human TMEM16A expressed in FRT cells co-expressing iodide sensitive fluorescent protein YFP-H148Q/I152L/F46L assessed as reduction in ATP-induced Ca2+ activation-mediated chloride current by measuring decrease in iodide influx preincubated for 10 mins followed by ATP/iodide addition by fluorescence assay,B,,,BAO_0000190,BAO_0000219,cell-based format,O=C(Nc1ccccc1)c1c(NC(=O)C(F)(F)I)sc2c1CCCCC2,,,CHEMBL4014325,J Med Chem,2017,"{'bei': '13.54', 'le': '0.35', 'lle': '1.40', 'sei': '11.41'}",CHEMBL4095338,,CHEMBL4095338,6.64,False,http://www.openphacts.org/units/Nanomolar,2995838,=,1,True,=,,IC50,nM,,230.0,CHEMBL2046267,Homo sapiens,Anoctamin-1,9606,,,IC50,uM,UO_0000065,,0.23
,18073696,[],CHEMBL4015867,Inhibition of human TMEM16A expressed in FRT cells co-expressing iodide sensitive fluorescent protein YFP-H148Q/I152L/F46L assessed as reduction in ATP-induced Ca2+ activation-mediated chloride current by measuring decrease in iodide influx preincubated for 10 mins followed by ATP/iodide addition by fluorescence assay,B,,,BAO_0000190,BAO_0000219,cell-based format,O=C(Nc1ccc(F)cc1)c1c(NC(=O)C(F)(F)Cl)sc2c1CCCCC2,,,CHEMBL4014325,J Med Chem,2017,"{'bei': '14.58', 'le': '0.31', 'lle': '0.90', 'sei': '10.44'}",CHEMBL4066286,,CHEMBL4066286,6.08,False,http://www.openphacts.org/units/Nanomolar,2995839,=,1,True,=,,IC50,nM,,840.0,CHEMBL2046267,Homo sapiens,Anoctamin-1,9606,,,IC50,uM,UO_0000065,,0.84
,18073697,[],CHEMBL4015867,Inhibition of human TMEM16A expressed in FRT cells co-expressing iodide sensitive fluorescent protein YFP-H148Q/I152L/F46L assessed as reduction in ATP-induced Ca2+ activation-mediated chloride current by measuring decrease in iodide influx preincubated for 10 mins followed by ATP/iodide addition by fluorescence assay,B,,,BAO_0000190,BAO_0000219,cell-based format,O=C(Nc1ccc(F)cc1)c1c(NC(=O)C(F)(F)Br)sc2c1CCCCC2,,,CHEMBL4014325,J Med Chem,2017,"{'bei': '13.76', 'le': '0.32', 'lle': '1.02', 'sei': '10.91'}",CHEMBL4087641,,CHEMBL4087641,6.35,False,http://www.openphacts.org/units/Nanomolar,2995840,=,1,True,=,,IC50,nM,,450.0,CHEMBL2046267,Homo sapiens,Anoctamin-1,9606,,,IC50,uM,UO_0000065,,0.45
,18073698,[],CHEMBL4015867,Inhibition of human TMEM16A expressed in FRT cells co-expressing iodide sensitive fluorescent protein YFP-H148Q/I152L/F46L assessed as reduction in ATP-induced Ca2+ activation-mediated chloride current by measuring decrease in iodide influx preincubated for 10 mins followed by ATP/iodide addition by fluorescence assay,B,,,BAO_0000190,BAO_0000219,cell-based format,O=C(Nc1ccc(F)cc1)c1c(NC(=O)C(F)(F)I)sc2c1CCCCC2,,,CHEMBL4014325,J Med Chem,2017,"{'bei': '13.42', 'le': '0.35', 'lle': '1.45', 'sei': '11.72'}",CHEMBL4104024,,CHEMBL4104024,6.82,False,http://www.openphacts.org/units/Nanomolar,2995841,=,1,True,=,,IC50,nM,,150.0,CHEMBL2046267,Homo sapiens,Anoctamin-1,9606,,,IC50,uM,UO_0000065,,0.15
,18073699,[],CHEMBL4015867,Inhibition of human TMEM16A expressed in FRT cells co-expressing iodide sensitive fluorescent protein YFP-H148Q/I152L/F46L assessed as reduction in ATP-induced Ca2+ activation-mediated chloride current by measuring decrease in iodide influx preincubated for 10 mins followed by ATP/iodide addition by fluorescence assay,B,,,BAO_0000190,BAO_0000219,cell-based format,O=C(Nc1ccccc1OC(F)(F)F)c1c(NC(=O)C(F)(F)Cl)sc2c1CCC2,,,CHEMBL4014325,J Med Chem,2017,,CHEMBL4079765,,CHEMBL4079765,,False,http://www.openphacts.org/units/Nanomolar,2995842,>,1,True,>,,IC50,nM,,20000.0,CHEMBL2046267,Homo sapiens,Anoctamin-1,9606,,,IC50,uM,UO_0000065,,20.0
,18073700,[],CHEMBL4015867,Inhibition of human TMEM16A expressed in FRT cells co-expressing iodide sensitive fluorescent protein YFP-H148Q/I152L/F46L assessed as reduction in ATP-induced Ca2+ activation-mediated chloride current by measuring decrease in iodide influx preincubated for 10 mins followed by ATP/iodide addition by fluorescence assay,B,,,BAO_0000190,BAO_0000219,cell-based format,O=C(Nc1ccccc1OC(F)(F)F)c1c(NC(=O)C(F)(F)Br)sc2c1CCC2,,,CHEMBL4014325,J Med Chem,2017,"{'bei': '12.33', 'le': '0.29', 'lle': '0.84', 'sei': '9.13'}",CHEMBL4096263,,CHEMBL4096263,6.16,False,http://www.openphacts.org/units/Nanomolar,2995843,=,1,True,=,,IC50,nM,,700.0,CHEMBL2046267,Homo sapiens,Anoctamin-1,9606,,,IC50,uM,UO_0000065,,0.7
,18073701,[],CHEMBL4015867,Inhibition of human TMEM16A expressed in FRT cells co-expressing iodide sensitive fluorescent protein YFP-H148Q/I152L/F46L assessed as reduction in ATP-induced Ca2+ activation-mediated chloride current by measuring decrease in iodide influx preincubated for 10 mins followed by ATP/iodide addition by fluorescence assay,B,,,BAO_0000190,BAO_0000219,cell-based format,O=C(Nc1ccccc1OC(F)(F)F)c1c(NC(=O)C(F)(F)I)sc2c1CCC2,,,CHEMBL4014325,J Med Chem,2017,"{'bei': '10.48', 'le': '0.27', 'lle': '0.38', 'sei': '8.49'}",CHEMBL4069000,,CHEMBL4069000,5.73,False,http://www.openphacts.org/units/Nanomolar,2995844,=,1,True,=,,IC50,nM,,1880.0,CHEMBL2046267,Homo sapiens,Anoctamin-1,9606,,,IC50,uM,UO_0000065,,1.88
,18073702,[],CHEMBL4015867,Inhibition of human TMEM16A expressed in FRT cells co-expressing iodide sensitive fluorescent protein YFP-H148Q/I152L/F46L assessed as reduction in ATP-induced Ca2+ activation-mediated chloride current by measuring decrease in iodide influx preincubated for 10 mins followed by ATP/iodide addition by fluorescence assay,B,,,BAO_0000190,BAO_0000219,cell-based format,CC(C)(C)C1CCc2c(sc(NC(=O)c3ccco3)c2C(=O)O)C1,,,CHEMBL4014325,J Med Chem,2017,"{'bei': '16.34', 'le': '0.32', 'lle': '1.24', 'sei': '7.14'}",CHEMBL4104747,,CHEMBL4104747,5.68,False,http://www.openphacts.org/units/Nanomolar,2995848,=,1,True,=,,IC50,nM,,2100.0,CHEMBL2046267,Homo sapiens,Anoctamin-1,9606,,,IC50,uM,UO_0000065,,2.1
,18073703,[],CHEMBL4015868,Inhibition of human TMEM16A expressed in FRT cells assessed as reduction of ATP-induced in chloride conductance preincubated for 5 mins followed by ATP addition by short-circuit current assay,B,,,BAO_0000190,BAO_0000219,cell-based format,Cc1ccccc1NC(=O)c1c(NC(=O)C(F)(F)F)sc2c1CCCCC2,,,CHEMBL4014325,J Med Chem,2017,"{'bei': '16.61', 'le': '0.33', 'lle': '1.51', 'sei': '11.31'}",CHEMBL1444023,,CHEMBL1444023,6.58,False,http://www.openphacts.org/units/Nanomolar,2995796,=,1,True,=,,IC50,nM,,260.0,CHEMBL2046267,Homo sapiens,Anoctamin-1,9606,,,IC50,uM,UO_0000065,,0.26
,18073704,[],CHEMBL4015868,Inhibition of human TMEM16A expressed in FRT cells assessed as reduction of ATP-induced in chloride conductance preincubated for 5 mins followed by ATP addition by short-circuit current assay,B,,,BAO_0000190,BAO_0000219,cell-based format,O=C(Nc1ccccc1)c1c(NC(=O)C(F)(F)F)sc2c1CCCCC2,,,CHEMBL4014325,J Med Chem,2017,"{'bei': '18.01', 'le': '0.36', 'lle': '2.12', 'sei': '11.83'}",CHEMBL3134585,,CHEMBL3134585,6.89,False,http://www.openphacts.org/units/Nanomolar,2995800,=,1,True,=,,IC50,nM,,130.0,CHEMBL2046267,Homo sapiens,Anoctamin-1,9606,,,IC50,uM,UO_0000065,,0.13
,18073705,[],CHEMBL4015868,Inhibition of human TMEM16A expressed in FRT cells assessed as reduction of ATP-induced in chloride conductance preincubated for 5 mins followed by ATP addition by short-circuit current assay,B,,,BAO_0000190,BAO_0000219,cell-based format,Cc1ccccc1NC(=O)c1c(NC(=O)C(F)(F)Cl)sc2c1CCCCC2,,,CHEMBL4014325,J Med Chem,2017,"{'bei': '16.08', 'le': '0.34', 'lle': '1.29', 'sei': '11.41'}",CHEMBL4071143,,CHEMBL4071143,6.64,False,http://www.openphacts.org/units/Nanomolar,2995832,=,1,True,=,,IC50,nM,,230.0,CHEMBL2046267,Homo sapiens,Anoctamin-1,9606,,,IC50,uM,UO_0000065,,0.23
,18073706,[],CHEMBL4015868,Inhibition of human TMEM16A expressed in FRT cells assessed as reduction of ATP-induced in chloride conductance preincubated for 5 mins followed by ATP addition by short-circuit current assay,B,,,BAO_0000190,BAO_0000219,cell-based format,Cc1ccccc1NC(=O)c1c(NC(=O)C(F)(F)Br)sc2c1CCCCC2,,,CHEMBL4014325,J Med Chem,2017,"{'bei': '16.45', 'le': '0.38', 'lle': '2.02', 'sei': '12.93'}",CHEMBL4074929,,CHEMBL4074929,7.52,False,http://www.openphacts.org/units/Nanomolar,2995834,=,1,True,=,,IC50,nM,,30.0,CHEMBL2046267,Homo sapiens,Anoctamin-1,9606,,,IC50,uM,UO_0000065,,0.03
,18073707,[],CHEMBL4015868,Inhibition of human TMEM16A expressed in FRT cells assessed as reduction of ATP-induced in chloride conductance preincubated for 5 mins followed by ATP addition by short-circuit current assay,B,,,BAO_0000190,BAO_0000219,cell-based format,Cc1ccccc1NC(=O)c1c(NC(=O)C(F)(F)I)sc2c1CCCCC2,,,CHEMBL4014325,J Med Chem,2017,"{'bei': '12.17', 'le': '0.31', 'lle': '0.60', 'sei': '10.54'}",CHEMBL4085154,,CHEMBL4085154,6.14,False,http://www.openphacts.org/units/Nanomolar,2995835,=,1,True,=,,IC50,nM,,730.0,CHEMBL2046267,Homo sapiens,Anoctamin-1,9606,,,IC50,uM,UO_0000065,,0.73
,18073708,[],CHEMBL4015868,Inhibition of human TMEM16A expressed in FRT cells assessed as reduction of ATP-induced in chloride conductance preincubated for 5 mins followed by ATP addition by short-circuit current assay,B,,,BAO_0000190,BAO_0000219,cell-based format,O=C(Nc1ccc(F)cc1)c1c(NC(=O)C(F)(F)I)sc2c1CCCCC2,,,CHEMBL4014325,J Med Chem,2017,"{'bei': '12.24', 'le': '0.31', 'lle': '0.85', 'sei': '10.69'}",CHEMBL4104024,,CHEMBL4104024,6.22,False,http://www.openphacts.org/units/Nanomolar,2995841,=,1,True,=,,IC50,nM,,600.0,CHEMBL2046267,Homo sapiens,Anoctamin-1,9606,,,IC50,uM,UO_0000065,,0.6
,18073709,[],CHEMBL4015868,Inhibition of human TMEM16A expressed in FRT cells assessed as reduction of ATP-induced in chloride conductance preincubated for 5 mins followed by ATP addition by short-circuit current assay,B,,,BAO_0000190,BAO_0000219,cell-based format,COc1ccccc1/C=N/NC(=O)COc1ccc(Cl)cc1C,,,CHEMBL4014325,J Med Chem,2017,"{'bei': '20.91', 'le': '0.41', 'lle': '3.77', 'sei': '11.61'}",CHEMBL4080525,,CHEMBL4080525,6.96,False,http://www.openphacts.org/units/Nanomolar,2995849,=,1,True,=,,IC50,nM,,110.0,CHEMBL2046267,Homo sapiens,Anoctamin-1,9606,,,IC50,uM,UO_0000065,,0.11
,18073710,[],CHEMBL4015868,Inhibition of human TMEM16A expressed in FRT cells assessed as reduction of ATP-induced in chloride conductance preincubated for 5 mins followed by ATP addition by short-circuit current assay,B,,,BAO_0000190,BAO_0000219,cell-based format,CCc1c(C)nc(SCC(=O)Nc2nc(-c3ccc(OC)cc3)cs2)nc1O,,,CHEMBL4014325,J Med Chem,2017,"{'bei': '14.40', 'le': '0.29', 'lle': '2.08', 'sei': '6.17'}",CHEMBL1299863,,CHEMBL1299863,6.00,False,http://www.openphacts.org/units/Nanomolar,2995794,=,1,True,=,,IC50,nM,,1000.0,CHEMBL2046267,Homo sapiens,Anoctamin-1,9606,,,IC50,uM,UO_0000065,,1.0
,18073711,[],CHEMBL4015868,Inhibition of human TMEM16A expressed in FRT cells assessed as reduction of ATP-induced in chloride conductance preincubated for 5 mins followed by ATP addition by short-circuit current assay,B,,,BAO_0000190,BAO_0000219,cell-based format,COc1cc(Nc2ccc([N+](=O)[O-])cc2C(=O)O)cc2ccccc12,,,CHEMBL4014325,J Med Chem,2017,"{'bei': '17.13', 'le': '0.32', 'lle': '1.60', 'sei': '5.70'}",CHEMBL4086165,,CHEMBL4086165,5.80,False,http://www.openphacts.org/units/Nanomolar,2995795,=,1,True,=,,IC50,nM,,1600.0,CHEMBL2046267,Homo sapiens,Anoctamin-1,9606,,,IC50,uM,UO_0000065,,1.6
,18073738,[],CHEMBL4015873,Inhibition of TMEM16A (unknown origin) expressed in Xenopus laevis oocytes at -60 mV holding potential by voltage-clamp assay,B,,,BAO_0000190,BAO_0000219,cell-based format,COc1cc(Nc2ccc([N+](=O)[O-])cc2C(=O)O)cc2ccccc12,,,CHEMBL4014325,J Med Chem,2017,"{'bei': '20.98', 'le': '0.39', 'lle': '2.90', 'sei': '6.98'}",CHEMBL4086165,,CHEMBL4086165,7.10,False,http://www.openphacts.org/units/Nanomolar,2995795,=,1,True,=,,IC50,nM,,80.0,CHEMBL2046267,Homo sapiens,Anoctamin-1,9606,,,IC50,uM,UO_0000065,,0.08
,18073758,[],CHEMBL4015870,Inhibition of human TMEM16A expressed in FRT cells assessed as reduction of ATP-induced in chloride conductance preincubated for 20 mins followed by ATP addition by short-circuit current assay,B,,,BAO_0000190,BAO_0000219,cell-based format,COc1ccccc1/C=N/NC(=O)COc1ccc(Cl)cc1C,,,CHEMBL4014325,J Med Chem,2017,"{'bei': '21.38', 'le': '0.42', 'lle': '3.92', 'sei': '11.87'}",CHEMBL4080525,,CHEMBL4080525,7.11,True,http://www.openphacts.org/units/Nanomolar,2995849,=,1,True,=,,IC50,nM,,77.0,CHEMBL2046267,Homo sapiens,Anoctamin-1,9606,,,IC50,uM,UO_0000065,,0.077
,18873519,[],CHEMBL4310424,Inhibition of YFP-fused ANO1 (unknown origin) expressed in FRT cells after 20 mins by fluorescence quenching method,B,,,BAO_0000190,BAO_0000219,cell-based format,Cc1cc(Cl)ccc1OCc1nnc(-c2ccco2)o1,,,CHEMBL4308858,Eur J Med Chem,2018,"{'bei': '14.43', 'le': '0.29', 'lle': '0.33', 'sei': '6.84'}",CHEMBL4453660,,CHEMBL4453660,4.20,False,http://www.openphacts.org/units/Nanomolar,3149438,=,1,True,=,,IC50,nM,,63800.0,CHEMBL2046267,Homo sapiens,Anoctamin-1,9606,,,IC50,uM,UO_0000065,,63.8
,18873520,[],CHEMBL4310424,Inhibition of YFP-fused ANO1 (unknown origin) expressed in FRT cells after 20 mins by fluorescence quenching method,B,,,BAO_0000190,BAO_0000219,cell-based format,Cc1cc(Cl)ccc1OCC(=O)N/N=C/c1ccco1,,,CHEMBL4308858,Eur J Med Chem,2018,"{'bei': '15.68', 'le': '0.31', 'lle': '1.82', 'sei': '7.19'}",CHEMBL4579558,,CHEMBL4579558,4.59,False,http://www.openphacts.org/units/Nanomolar,3149437,=,1,True,=,,IC50,nM,,25700.0,CHEMBL2046267,Homo sapiens,Anoctamin-1,9606,,,IC50,uM,UO_0000065,,25.7
,18873521,[],CHEMBL4310424,Inhibition of YFP-fused ANO1 (unknown origin) expressed in FRT cells after 20 mins by fluorescence quenching method,B,,,BAO_0000190,BAO_0000219,cell-based format,CCOC(=O)C(F)Oc1ccccc1/C=N/NC(=O)COc1ccc(Cl)cc1C,,,CHEMBL4308858,Eur J Med Chem,2018,"{'bei': '11.36', 'le': '0.23', 'lle': '1.38', 'sei': '5.57'}",CHEMBL4441034,,CHEMBL4441034,4.80,False,http://www.openphacts.org/units/Nanomolar,3149436,=,1,True,=,,IC50,nM,,15700.0,CHEMBL2046267,Homo sapiens,Anoctamin-1,9606,,,IC50,uM,UO_0000065,,15.7
,18873522,[],CHEMBL4310424,Inhibition of YFP-fused ANO1 (unknown origin) expressed in FRT cells after 20 mins by fluorescence quenching method,B,,,BAO_0000190,BAO_0000219,cell-based format,C/C(=N\NC(=O)COc1ccc(Cl)cc1C)c1ccccc1OC(F)(F)F,,,CHEMBL4308858,Eur J Med Chem,2018,"{'bei': '16.28', 'le': '0.33', 'lle': '2.05', 'sei': '10.89'}",CHEMBL4515829,,CHEMBL4515829,6.52,False,http://www.openphacts.org/units/Nanomolar,3149435,=,1,True,=,,IC50,nM,,300.0,CHEMBL2046267,Homo sapiens,Anoctamin-1,9606,,,IC50,uM,UO_0000065,,0.3
,18873523,[],CHEMBL4310424,Inhibition of YFP-fused ANO1 (unknown origin) expressed in FRT cells after 20 mins by fluorescence quenching method,B,,,BAO_0000190,BAO_0000219,cell-based format,Cc1cc(Cl)ccc1OCc1nnc(-c2cccc(OC(F)(F)F)c2)o1,,,CHEMBL4308858,Eur J Med Chem,2018,,CHEMBL4450351,,CHEMBL4450351,,False,http://www.openphacts.org/units/Nanomolar,3149434,>,1,True,>,,IC50,nM,,100000.0,CHEMBL2046267,Homo sapiens,Anoctamin-1,9606,,,IC50,uM,UO_0000065,,100.0
,18873524,[],CHEMBL4310424,Inhibition of YFP-fused ANO1 (unknown origin) expressed in FRT cells after 20 mins by fluorescence quenching method,B,,,BAO_0000190,BAO_0000219,cell-based format,Cc1cc(Cl)ccc1OCC(=O)N/N=C/c1cccc(OC(F)(F)F)c1,,,CHEMBL4308858,Eur J Med Chem,2018,,CHEMBL4472630,,CHEMBL4472630,,False,http://www.openphacts.org/units/Nanomolar,3149433,>,1,True,>,,IC50,nM,,100000.0,CHEMBL2046267,Homo sapiens,Anoctamin-1,9606,,,IC50,uM,UO_0000065,,100.0
,18873525,[],CHEMBL4310424,Inhibition of YFP-fused ANO1 (unknown origin) expressed in FRT cells after 20 mins by fluorescence quenching method,B,,,BAO_0000190,BAO_0000219,cell-based format,Cc1cc(Cl)ccc1OCc1nnc(-c2ccccc2OC(F)(F)F)o1,,,CHEMBL4308858,Eur J Med Chem,2018,,CHEMBL4586921,,CHEMBL4586921,,False,http://www.openphacts.org/units/Nanomolar,3149432,>,1,True,>,,IC50,nM,,100000.0,CHEMBL2046267,Homo sapiens,Anoctamin-1,9606,,,IC50,uM,UO_0000065,,100.0
,18873526,[],CHEMBL4310424,Inhibition of YFP-fused ANO1 (unknown origin) expressed in FRT cells after 20 mins by fluorescence quenching method,B,,,BAO_0000190,BAO_0000219,cell-based format,Cc1cc(Cl)ccc1OCC(=O)N/N=C/c1ccccc1OC(F)(F)F,,,CHEMBL4308858,Eur J Med Chem,2018,"{'bei': '19.85', 'le': '0.40', 'lle': '3.60', 'sei': '12.81'}",CHEMBL4445544,,CHEMBL4445544,7.68,False,http://www.openphacts.org/units/Nanomolar,3149431,=,1,True,=,,IC50,nM,,21.0,CHEMBL2046267,Homo sapiens,Anoctamin-1,9606,,,IC50,uM,UO_0000065,,0.021
,18873527,[],CHEMBL4310424,Inhibition of YFP-fused ANO1 (unknown origin) expressed in FRT cells after 20 mins by fluorescence quenching method,B,,,BAO_0000190,BAO_0000219,cell-based format,Cc1cc(Cl)ccc1OCc1nnc(-c2ccccc2C(F)(F)F)o1,,,CHEMBL4308858,Eur J Med Chem,2018,,CHEMBL4463597,,CHEMBL4463597,,False,http://www.openphacts.org/units/Nanomolar,3149430,>,1,True,>,,IC50,nM,,100000.0,CHEMBL2046267,Homo sapiens,Anoctamin-1,9606,,,IC50,uM,UO_0000065,,100.0
,18873528,[],CHEMBL4310424,Inhibition of YFP-fused ANO1 (unknown origin) expressed in FRT cells after 20 mins by fluorescence quenching method,B,,,BAO_0000190,BAO_0000219,cell-based format,Cc1cc(Cl)ccc1OCC(=O)N/N=C/c1ccccc1C(F)(F)F,,,CHEMBL4308858,Eur J Med Chem,2018,"{'bei': '18.01', 'le': '0.36', 'lle': '2.48', 'sei': '13.17'}",CHEMBL4448175,,CHEMBL4448175,6.68,False,http://www.openphacts.org/units/Nanomolar,3149429,=,1,True,=,,IC50,nM,,210.0,CHEMBL2046267,Homo sapiens,Anoctamin-1,9606,,,IC50,uM,UO_0000065,,0.21
,18873529,[],CHEMBL4310424,Inhibition of YFP-fused ANO1 (unknown origin) expressed in FRT cells after 20 mins by fluorescence quenching method,B,,,BAO_0000190,BAO_0000219,cell-based format,Cc1cc(Cl)ccc1OCc1nnc(-c2cccc(F)c2)o1,,,CHEMBL4308858,Eur J Med Chem,2018,,CHEMBL4466337,,CHEMBL4466337,,False,http://www.openphacts.org/units/Nanomolar,3149428,>,1,True,>,,IC50,nM,,100000.0,CHEMBL2046267,Homo sapiens,Anoctamin-1,9606,,,IC50,uM,UO_0000065,,100.0
,18873530,[],CHEMBL4310424,Inhibition of YFP-fused ANO1 (unknown origin) expressed in FRT cells after 20 mins by fluorescence quenching method,B,,,BAO_0000190,BAO_0000219,cell-based format,Cc1cc(Cl)ccc1OCC(=O)N/N=C/c1cccc(F)c1,,,CHEMBL4308858,Eur J Med Chem,2018,,CHEMBL4434782,,CHEMBL4434782,,False,http://www.openphacts.org/units/Nanomolar,3149427,>,1,True,>,,IC50,nM,,100000.0,CHEMBL2046267,Homo sapiens,Anoctamin-1,9606,,,IC50,uM,UO_0000065,,100.0
,18873531,[],CHEMBL4310424,Inhibition of YFP-fused ANO1 (unknown origin) expressed in FRT cells after 20 mins by fluorescence quenching method,B,,,BAO_0000190,BAO_0000219,cell-based format,Cc1cc(Cl)ccc1OCc1nnc(-c2ccccc2F)o1,,,CHEMBL4308858,Eur J Med Chem,2018,"{'bei': '14.66', 'le': '0.29', 'lle': '0.25', 'sei': '9.71'}",CHEMBL4516441,,CHEMBL4516441,4.67,False,http://www.openphacts.org/units/Nanomolar,3149426,=,1,True,=,,IC50,nM,,21200.0,CHEMBL2046267,Homo sapiens,Anoctamin-1,9606,,,IC50,uM,UO_0000065,,21.2
,18873532,[],CHEMBL4310424,Inhibition of YFP-fused ANO1 (unknown origin) expressed in FRT cells after 20 mins by fluorescence quenching method,B,,,BAO_0000190,BAO_0000219,cell-based format,Cc1cc(Cl)ccc1OCC(=O)N/N=C/c1ccccc1F,,,CHEMBL4308858,Eur J Med Chem,2018,"{'bei': '18.86', 'le': '0.38', 'lle': '2.73', 'sei': '11.94'}",CHEMBL4577443,,CHEMBL4577443,6.05,False,http://www.openphacts.org/units/Nanomolar,3149425,=,1,True,=,,IC50,nM,,890.0,CHEMBL2046267,Homo sapiens,Anoctamin-1,9606,,,IC50,uM,UO_0000065,,0.89
,18873533,[],CHEMBL4310424,Inhibition of YFP-fused ANO1 (unknown origin) expressed in FRT cells after 20 mins by fluorescence quenching method,B,,,BAO_0000190,BAO_0000219,cell-based format,COc1cccc(-c2nnc(COc3ccc(Cl)cc3C)o2)c1,,,CHEMBL4308858,Eur J Med Chem,2018,,CHEMBL4567262,,CHEMBL4567262,,False,http://www.openphacts.org/units/Nanomolar,3149424,>,1,True,>,,IC50,nM,,100000.0,CHEMBL2046267,Homo sapiens,Anoctamin-1,9606,,,IC50,uM,UO_0000065,,100.0
,18873534,[],CHEMBL4310424,Inhibition of YFP-fused ANO1 (unknown origin) expressed in FRT cells after 20 mins by fluorescence quenching method,B,,,BAO_0000190,BAO_0000219,cell-based format,COc1cccc(/C=N/NC(=O)COc2ccc(Cl)cc2C)c1,,,CHEMBL4308858,Eur J Med Chem,2018,,CHEMBL4476352,,CHEMBL4476352,,False,http://www.openphacts.org/units/Nanomolar,3149423,>,1,True,>,,IC50,nM,,100000.0,CHEMBL2046267,Homo sapiens,Anoctamin-1,9606,,,IC50,uM,UO_0000065,,100.0
,18873535,[],CHEMBL4310424,Inhibition of YFP-fused ANO1 (unknown origin) expressed in FRT cells after 20 mins by fluorescence quenching method,B,,,BAO_0000190,BAO_0000219,cell-based format,COc1ccccc1-c1nnc(COc2ccc(Cl)cc2C)o1,,,CHEMBL4308858,Eur J Med Chem,2018,"{'bei': '14.25', 'le': '0.28', 'lle': '0.42', 'sei': '8.21'}",CHEMBL4471568,,CHEMBL4471568,4.71,False,http://www.openphacts.org/units/Nanomolar,3149422,=,1,True,=,,IC50,nM,,19400.0,CHEMBL2046267,Homo sapiens,Anoctamin-1,9606,,,IC50,uM,UO_0000065,,19.4
,18873536,[],CHEMBL4310424,Inhibition of YFP-fused ANO1 (unknown origin) expressed in FRT cells after 20 mins by fluorescence quenching method,B,,,BAO_0000190,BAO_0000219,cell-based format,COc1ccccc1-c1nnc(-c2cc3cc(Cl)ccc3o2)o1,,,CHEMBL4308858,Eur J Med Chem,2018,,CHEMBL4465797,,CHEMBL4465797,,False,http://www.openphacts.org/units/Nanomolar,3149421,>,1,True,>,,IC50,nM,,100000.0,CHEMBL2046267,Homo sapiens,Anoctamin-1,9606,,,IC50,uM,UO_0000065,,100.0
,18873537,[],CHEMBL4310424,Inhibition of YFP-fused ANO1 (unknown origin) expressed in FRT cells after 20 mins by fluorescence quenching method,B,,,BAO_0000190,BAO_0000219,cell-based format,COc1ccccc1/C=N/NC(=O)c1cc2cc(Cl)ccc2o1,,,CHEMBL4308858,Eur J Med Chem,2018,,CHEMBL4470594,,CHEMBL4470594,,False,http://www.openphacts.org/units/Nanomolar,3149420,>,1,True,>,,IC50,nM,,100000.0,CHEMBL2046267,Homo sapiens,Anoctamin-1,9606,,,IC50,uM,UO_0000065,,100.0
,18873538,[],CHEMBL4310424,Inhibition of YFP-fused ANO1 (unknown origin) expressed in FRT cells after 20 mins by fluorescence quenching method,B,,,BAO_0000190,BAO_0000219,cell-based format,COc1ccccc1CNNC(=O)COc1ccc(Cl)cc1C,,,CHEMBL4308858,Eur J Med Chem,2018,"{'bei': '14.85', 'le': '0.30', 'lle': '2.11', 'sei': '8.34'}",CHEMBL4449467,,CHEMBL4449467,4.97,False,http://www.openphacts.org/units/Nanomolar,3149419,=,1,True,=,,IC50,nM,,10700.0,CHEMBL2046267,Homo sapiens,Anoctamin-1,9606,,,IC50,uM,UO_0000065,,10.7
,18873539,[],CHEMBL4310424,Inhibition of YFP-fused ANO1 (unknown origin) expressed in FRT cells after 20 mins by fluorescence quenching method,B,,,BAO_0000190,BAO_0000219,cell-based format,COc1ccccc1/C=N/NC(=O)COc1ccc(Cl)cc1C,,,CHEMBL4308858,Eur J Med Chem,2018,"{'bei': '21.07', 'le': '0.42', 'lle': '3.82', 'sei': '11.70'}",CHEMBL4080525,,CHEMBL4080525,7.01,False,http://www.openphacts.org/units/Nanomolar,3149418,=,1,True,=,,IC50,nM,,97.0,CHEMBL2046267,Homo sapiens,Anoctamin-1,9606,,,IC50,uM,UO_0000065,,0.097
,18873544,[],CHEMBL4310426,Inhibition of ANO1 (unknown origin) expressed in FRT cells assessed as reduction in ATP-induced chloride current after 20 mins by electrophysiological assay,B,,,BAO_0000190,BAO_0000219,cell-based format,Cc1cc(Cl)ccc1OCC(=O)N/N=C/c1ccccc1OC(F)(F)F,,,CHEMBL4308858,Eur J Med Chem,2018,"{'bei': '19.80', 'le': '0.40', 'lle': '3.58', 'sei': '12.78'}",CHEMBL4445544,,CHEMBL4445544,7.66,False,http://www.openphacts.org/units/Nanomolar,3149431,=,1,True,=,,IC50,nM,,22.0,CHEMBL2046267,Homo sapiens,Anoctamin-1,9606,,,IC50,nM,UO_0000065,,22.0
,18873545,[],CHEMBL4310426,Inhibition of ANO1 (unknown origin) expressed in FRT cells assessed as reduction in ATP-induced chloride current after 20 mins by electrophysiological assay,B,,,BAO_0000190,BAO_0000219,cell-based format,COc1ccccc1/C=N/NC(=O)COc1ccc(Cl)cc1C,,,CHEMBL4308858,Eur J Med Chem,2018,"{'bei': '21.38', 'le': '0.42', 'lle': '3.92', 'sei': '11.87'}",CHEMBL4080525,,CHEMBL4080525,7.11,False,http://www.openphacts.org/units/Nanomolar,3149418,=,1,True,=,,IC50,nM,,77.0,CHEMBL2046267,Homo sapiens,Anoctamin-1,9606,,,IC50,nM,UO_0000065,,77.0
,18873549,[],CHEMBL4310424,Inhibition of YFP-fused ANO1 (unknown origin) expressed in FRT cells after 20 mins by fluorescence quenching method,B,,,BAO_0000190,BAO_0000219,cell-based format,Cc1cc(Cl)ccc1OCC(=O)N/N=C/c1ccccn1,,,CHEMBL4308858,Eur J Med Chem,2018,"{'bei': '14.83', 'le': '0.29', 'lle': '1.93', 'sei': '7.08'}",CHEMBL4517769,,CHEMBL4517769,4.50,False,http://www.openphacts.org/units/Nanomolar,3149439,=,1,True,=,,IC50,nM,,31300.0,CHEMBL2046267,Homo sapiens,Anoctamin-1,9606,,,IC50,uM,UO_0000065,,31.3
,18873550,[],CHEMBL4310424,Inhibition of YFP-fused ANO1 (unknown origin) expressed in FRT cells after 20 mins by fluorescence quenching method,B,,,BAO_0000190,BAO_0000219,cell-based format,Cc1cc(Cl)ccc1OCc1nnc(-c2ccccn2)o1,,,CHEMBL4308858,Eur J Med Chem,2018,,CHEMBL4581421,,CHEMBL4581421,,False,http://www.openphacts.org/units/Nanomolar,3149440,>,1,True,>,,IC50,nM,,100000.0,CHEMBL2046267,Homo sapiens,Anoctamin-1,9606,,,IC50,uM,UO_0000065,,100.0
,18873551,[],CHEMBL4310424,Inhibition of YFP-fused ANO1 (unknown origin) expressed in FRT cells after 20 mins by fluorescence quenching method,B,,,BAO_0000190,BAO_0000219,cell-based format,CCOC(=O)c1cc2ccccn2c1/C=N/NC(=O)COc1ccc(Cl)cc1C,,,CHEMBL4308858,Eur J Med Chem,2018,,CHEMBL4471557,,CHEMBL4471557,,False,http://www.openphacts.org/units/Nanomolar,3149441,>,1,True,>,,IC50,nM,,100000.0,CHEMBL2046267,Homo sapiens,Anoctamin-1,9606,,,IC50,uM,UO_0000065,,100.0
,18873552,[],CHEMBL4310424,Inhibition of YFP-fused ANO1 (unknown origin) expressed in FRT cells after 20 mins by fluorescence quenching method,B,,,BAO_0000190,BAO_0000219,cell-based format,Cc1cc(Cl)ccc1OC(C)C(=O)N/N=C/c1ccccc1OC(F)(F)F,,,CHEMBL4308858,Eur J Med Chem,2018,,CHEMBL4453183,,CHEMBL4453183,,False,http://www.openphacts.org/units/Nanomolar,3149442,>,1,True,>,,IC50,nM,,100000.0,CHEMBL2046267,Homo sapiens,Anoctamin-1,9606,,,IC50,uM,UO_0000065,,100.0
Not Active,18873553,[],CHEMBL4310424,Inhibition of YFP-fused ANO1 (unknown origin) expressed in FRT cells after 20 mins by fluorescence quenching method,B,,,BAO_0000190,BAO_0000219,cell-based format,Cc1cc(Cl)ccc1OC(C)(C)C(=O)N/N=C/c1ccccc1OC(F)(F)F,,,CHEMBL4308858,Eur J Med Chem,2018,,CHEMBL4459865,,CHEMBL4459865,,False,,3149443,,1,False,,,IC50,,,,CHEMBL2046267,Homo sapiens,Anoctamin-1,9606,,,IC50,,,,
,18873554,[],CHEMBL4310424,Inhibition of YFP-fused ANO1 (unknown origin) expressed in FRT cells after 20 mins by fluorescence quenching method,B,,,BAO_0000190,BAO_0000219,cell-based format,Cc1cc(Cl)ccc1OC(F)(F)C(=O)N/N=C/c1ccccc1OC(F)(F)F,,,CHEMBL4308858,Eur J Med Chem,2018,,CHEMBL4462374,,CHEMBL4462374,,False,http://www.openphacts.org/units/Nanomolar,3149444,>,1,True,>,,IC50,nM,,100000.0,CHEMBL2046267,Homo sapiens,Anoctamin-1,9606,,,IC50,uM,UO_0000065,,100.0
